JAHR	Wohnviertel_id	Wohnviertel	Deutschland	Italien	Türkei	Spanien	Portugal	Mazedonien	Jugoslawien	Serbien, Montenegro, Kosovo	Bosnien und Herzegowina	Slowenien	Kroatien	Vereinigtes Königreich	Frankreich	Indien	Vereinigte Staaten	Österreich	Sri Lanka	Übrige Länder	Schweiz
1980	1	Altstadt Grossbasel	63	59	25	47	5	0	17	0	0	0	0	8	17	0	15	12	0	54	2117
1981	1	Altstadt Grossbasel	61	55	18	49	16	0	20	0	0	0	0	4	16	0	12	14	0	53	2078
1982	1	Altstadt Grossbasel	67	51	27	49	13	0	22	0	0	0	0	4	12	1	10	16	0	53	2103
1983	1	Altstadt Grossbasel	72	45	46	44	11	0	23	0	0	0	0	3	10	0	18	13	1	43	2082
1984	1	Altstadt Grossbasel	87	43	89	47	3	0	14	0	0	0	0	5	12	0	13	12	3	33	2083
1985	1	Altstadt Grossbasel	65	43	108	48	5	0	16	0	0	0	0	6	9	1	19	13	6	39	2085
1986	1	Altstadt Grossbasel	65	47	55	41	7	0	18	0	0	0	0	9	10	2	31	14	6	47	2097
1987	1	Altstadt Grossbasel	62	50	59	36	6	0	20	0	0	0	0	9	14	0	31	21	9	44	2034
1988	1	Altstadt Grossbasel	72	42	61	34	7	0	24	0	0	0	0	10	9	1	24	25	7	46	2061
1989	1	Altstadt Grossbasel	71	45	43	33	8	0	29	0	0	0	0	8	9	2	24	23	3	44	2019
1990	1	Altstadt Grossbasel	70	45	45	35	5	0	26	0	0	0	0	18	12	3	27	17	3	50	2007
1991	1	Altstadt Grossbasel	72	49	28	33	9	0	41	0	0	0	0	12	9	3	22	24	5	54	1966
1992	1	Altstadt Grossbasel	80	48	26	38	11	0	33	0	0	0	8	15	8	3	21	15	7	59	1972
1993	1	Altstadt Grossbasel	75	50	24	40	12	1	35	0	0	0	12	8	16	3	15	14	5	52	1956
1994	1	Altstadt Grossbasel	89	54	23	41	11	8	29	0	2	0	9	11	9	3	12	14	8	50	1927
1995	1	Altstadt Grossbasel	98	55	9	40	9	9	21	0	2	0	9	14	14	3	13	13	4	46	1903
1996	1	Altstadt Grossbasel	96	58	4	29	5	3	16	0	0	0	0	21	12	14	14	11	3	38	1829
1997	1	Altstadt Grossbasel	88	61	3	25	5	5	9	0	0	1	2	20	12	15	15	15	0	51	1823
1998	1	Altstadt Grossbasel	98	54	6	26	5	5	8	0	0	1	1	20	9	7	24	13	0	60	1838
1999	1	Altstadt Grossbasel	84	55	1	26	7	4	4	0	1	0	1	26	15	7	21	23	0	66	1807
2000	1	Altstadt Grossbasel	93	60	5	25	4	2	3	0	0	0	1	32	16	6	15	21	3	79	1757
2001	1	Altstadt Grossbasel	92	45	6	24	7	8	5	0	0	0	1	31	13	8	17	20	2	89	1751
2002	1	Altstadt Grossbasel	118	39	5	20	6	1	4	0	0	0	0	42	23	4	19	25	2	92	1693
2003	1	Altstadt Grossbasel	133	40	9	20	8	1	5	0	0	0	0	33	25	7	22	19	2	92	1672
2004	1	Altstadt Grossbasel	136	39	9	18	10	0	4	0	0	1	0	31	25	1	28	22	2	106	1639
2005	1	Altstadt Grossbasel	166	38	8	22	7	0	2	0	0	1	1	34	24	4	32	24	2	101	1618
2006	1	Altstadt Grossbasel	177	35	8	24	7	0	2	0	0	1	1	40	24	9	39	20	2	93	1554
2007	1	Altstadt Grossbasel	192	36	7	23	8	0	2	0	0	1	2	39	22	12	38	21	2	128	1538
2008	1	Altstadt Grossbasel	188	42	6	18	10	0	3	0	0	1	2	36	30	5	42	17	2	114	1524
2009	1	Altstadt Grossbasel	165	46	1	27	7	0	3	1	0	0	3	29	22	2	42	25	0	113	1495
2010	1	Altstadt Grossbasel	164	55	2	23	9	0	3	0	0	0	0	44	18	2	45	17	0	113	1477
2011	1	Altstadt Grossbasel	164	63	16	30	14	3	5	2	1	0	1	45	19	7	52	21	2	130	1772
2012	1	Altstadt Grossbasel	159	70	12	27	14	3	5	5	1	1	2	52	20	7	60	27	3	138	1820
2013	1	Altstadt Grossbasel	170	83	13	27	12	3	1	5	0	0	2	57	21	7	64	25	3	147	1821
2014	1	Altstadt Grossbasel	169	70	14	32	18	2	1	8	0	0	3	52	27	7	65	21	1	127	1837
2015	1	Altstadt Grossbasel	168	66	16	35	18	2	0	8	0	2	3	44	30	6	63	20	1	142	1846
2016	1	Altstadt Grossbasel	194	67	22	41	18	3	0	4	0	2	2	44	33	4	78	20	2	155	1857
2017	1	Altstadt Grossbasel	218	67	27	39	19	5	0	6	1	2	2	46	46	6	75	16	1	160	1854
1980	2	Vorstädte	189	348	46	118	12	0	64	0	0	0	0	32	81	9	21	46	0	160	4872
1981	2	Vorstädte	194	334	51	128	18	0	70	0	0	0	0	48	70	7	22	50	0	165	4916
1982	2	Vorstädte	202	331	72	139	24	0	86	0	0	0	0	37	59	1	31	45	1	196	4805
1983	2	Vorstädte	198	321	95	144	31	0	92	0	0	0	0	28	62	1	33	39	0	171	4749
1984	2	Vorstädte	191	292	103	152	27	0	75	0	0	0	0	33	58	0	35	35	0	173	4689
1985	2	Vorstädte	176	287	133	149	28	0	65	0	0	0	0	17	55	0	25	40	11	137	4758
1986	2	Vorstädte	167	261	85	136	35	0	69	0	0	0	0	16	55	0	29	31	13	125	4762
1987	2	Vorstädte	177	256	335	123	32	0	72	0	0	0	0	17	60	5	27	28	15	155	4663
1988	2	Vorstädte	198	257	193	130	30	0	90	0	0	0	0	19	47	6	19	27	21	148	4607
1989	2	Vorstädte	188	241	184	133	31	0	134	0	0	0	0	25	56	9	17	41	75	195	4542
1990	2	Vorstädte	184	227	66	138	31	0	91	0	0	0	0	29	56	1	18	37	7	159	4402
1991	2	Vorstädte	182	215	68	121	28	0	86	0	0	0	0	26	52	1	22	36	11	169	4416
1992	2	Vorstädte	184	219	64	125	39	0	88	0	0	7	14	27	48	1	19	37	14	181	4339
1993	2	Vorstädte	197	220	55	122	40	5	73	0	1	5	26	35	55	1	23	39	9	196	4357
1994	2	Vorstädte	207	217	45	113	31	10	76	0	10	3	31	33	57	1	26	34	8	216	4331
1995	2	Vorstädte	192	198	58	113	32	17	67	0	4	2	32	38	48	4	20	31	17	228	4259
1996	2	Vorstädte	197	199	68	101	32	17	77	0	2	2	30	38	46	5	25	30	16	228	4112
1997	2	Vorstädte	201	184	79	100	25	8	72	0	3	2	26	36	46	7	19	29	12	223	3955
1998	2	Vorstädte	198	169	78	85	21	14	68	0	2	2	20	36	45	2	23	31	12	217	3916
1999	2	Vorstädte	193	175	66	81	21	16	57	0	4	2	16	64	41	3	20	26	15	234	3844
2000	2	Vorstädte	189	152	69	70	26	17	42	0	9	1	20	43	37	10	22	32	12	203	3776
2001	2	Vorstädte	201	140	66	68	25	16	52	0	14	1	15	55	31	14	34	35	10	217	3714
2002	2	Vorstädte	216	134	77	63	24	15	33	0	7	0	11	52	36	21	26	31	8	262	3638
2003	2	Vorstädte	231	129	69	58	20	14	30	0	9	0	13	57	27	19	29	30	7	294	3518
2004	2	Vorstädte	259	142	71	60	17	13	24	0	6	0	14	50	36	21	43	30	11	299	3441
2005	2	Vorstädte	300	153	75	66	18	16	20	0	4	0	15	70	43	26	41	30	8	285	3379
2006	2	Vorstädte	366	142	71	57	20	19	27	0	6	2	20	70	51	40	41	35	9	311	3312
2007	2	Vorstädte	378	155	66	51	18	26	27	0	6	2	15	61	56	32	55	28	10	318	3293
2008	2	Vorstädte	425	166	66	43	24	25	23	4	7	1	17	78	62	37	62	29	12	320	3300
2009	2	Vorstädte	453	171	67	45	30	25	12	9	4	1	14	103	46	43	86	34	11	348	3264
2010	2	Vorstädte	432	153	61	48	30	19	13	14	4	0	14	115	52	36	86	28	12	365	3258
2011	2	Vorstädte	432	169	49	55	28	19	11	16	4	1	13	111	62	46	84	34	9	374	3135
2012	2	Vorstädte	420	189	47	47	36	15	9	9	3	1	13	126	62	43	80	38	7	413	3104
2013	2	Vorstädte	421	202	45	63	29	9	7	15	5	0	22	144	69	47	104	46	9	448	3129
2014	2	Vorstädte	412	211	43	65	32	9	3	22	3	3	21	137	84	44	117	41	8	465	3148
2015	2	Vorstädte	454	209	43	81	32	10	0	28	2	2	18	146	88	57	112	36	10	489	3115
2016	2	Vorstädte	451	219	48	108	32	10	0	34	1	3	22	135	115	56	113	49	9	515	3102
2017	2	Vorstädte	445	220	45	122	36	12	0	34	1	7	16	138	129	52	122	41	10	496	3089
1980	3	Am Ring	447	547	40	210	23	0	124	0	0	0	0	67	127	22	65	70	2	348	9358
1981	3	Am Ring	443	529	48	198	21	0	139	0	0	0	0	67	139	18	54	61	2	395	9372
1982	3	Am Ring	436	505	94	165	22	0	142	0	0	0	0	74	136	23	41	58	2	385	9384
1983	3	Am Ring	450	497	197	180	21	0	150	0	0	0	0	70	150	22	57	59	10	352	9362
1984	3	Am Ring	439	486	263	174	26	0	167	0	0	0	0	70	156	21	61	55	25	359	9402
1985	3	Am Ring	437	463	198	189	26	0	159	0	0	0	0	83	159	21	58	47	21	343	9419
1986	3	Am Ring	472	451	152	186	35	0	124	0	0	0	0	88	170	29	58	58	14	333	9306
1987	3	Am Ring	455	437	148	210	37	0	137	0	0	0	0	81	164	23	60	64	9	332	9225
1988	3	Am Ring	460	418	131	207	43	0	168	0	0	0	0	91	148	24	60	66	10	305	9076
1989	3	Am Ring	486	421	121	188	47	0	185	0	0	0	0	103	125	21	55	65	13	367	8928
1990	3	Am Ring	509	432	107	219	48	0	201	0	0	0	0	90	130	24	62	69	9	412	8868
1991	3	Am Ring	509	416	144	216	59	0	260	0	0	0	0	102	120	26	59	65	11	448	8821
1992	3	Am Ring	493	416	169	217	58	0	305	0	0	5	19	93	117	30	45	66	20	489	8810
1993	3	Am Ring	449	406	183	205	59	9	296	0	24	6	33	83	115	32	46	75	26	503	8684
1994	3	Am Ring	427	413	188	187	54	29	287	0	23	5	38	88	120	32	50	68	34	465	8678
1995	3	Am Ring	422	425	174	179	64	43	232	0	12	7	38	81	109	37	48	64	34	447	8700
1996	3	Am Ring	437	440	155	173	58	43	221	0	9	5	38	77	108	49	51	60	45	414	8586
1997	3	Am Ring	438	410	139	161	61	35	241	0	8	5	43	87	106	48	44	60	51	388	8310
1998	3	Am Ring	429	404	151	152	64	46	235	0	9	4	39	130	101	40	47	59	52	464	8259
1999	3	Am Ring	423	383	147	160	83	43	190	0	29	5	48	94	105	50	48	61	36	459	8088
2000	3	Am Ring	475	368	136	156	91	46	172	0	24	7	38	96	97	44	47	65	38	487	7988
2001	3	Am Ring	480	343	122	153	84	53	154	0	33	6	42	98	90	52	58	73	37	520	7866
2002	3	Am Ring	561	361	137	153	87	42	151	0	42	5	46	86	80	53	61	79	36	547	7792
2003	3	Am Ring	637	367	141	147	86	45	170	0	52	7	47	97	79	45	76	84	35	593	7645
2004	3	Am Ring	664	364	161	140	95	54	161	0	46	6	56	93	87	46	73	72	32	662	7696
2005	3	Am Ring	761	357	159	135	85	45	157	1	42	7	51	111	88	60	75	74	29	655	7615
2006	3	Am Ring	793	351	144	127	89	48	149	0	34	6	40	123	100	69	84	76	23	672	7490
2007	3	Am Ring	867	350	145	125	97	50	130	2	18	5	40	140	122	54	96	70	26	668	7400
2008	3	Am Ring	926	361	136	132	102	52	126	14	24	6	30	145	118	55	104	71	31	693	7296
2009	3	Am Ring	958	365	129	143	104	44	91	22	22	3	35	152	123	71	95	70	23	771	7203
2010	3	Am Ring	912	363	137	154	107	39	61	31	21	5	34	139	116	78	104	61	16	800	7226
2011	3	Am Ring	929	363	146	182	108	31	57	37	19	5	30	163	115	91	137	64	17	832	7168
2012	3	Am Ring	917	367	142	196	115	33	53	40	25	5	25	178	119	106	129	67	13	895	7138
2013	3	Am Ring	968	370	127	213	126	29	46	44	26	7	22	168	129	100	147	73	15	976	7165
2014	3	Am Ring	943	381	127	212	115	31	17	87	24	9	24	185	135	102	158	73	8	984	7007
2015	3	Am Ring	935	415	126	220	109	28	0	109	24	13	25	186	162	78	165	77	11	931	7028
2016	3	Am Ring	961	455	128	209	123	31	0	109	25	13	24	210	175	88	166	74	14	939	6990
2017	3	Am Ring	984	460	113	221	133	33	0	99	24	19	28	211	201	117	175	71	18	1006	6897
1980	4	Breite	231	494	51	170	5	0	54	0	0	0	0	12	40	3	15	44	2	94	8700
1981	4	Breite	233	516	50	183	4	0	54	0	0	0	0	13	40	5	10	46	0	116	8527
1982	4	Breite	234	495	65	189	2	0	69	0	0	0	0	11	36	5	8	41	0	127	8373
1983	4	Breite	222	480	75	192	2	0	62	0	0	0	0	17	32	2	7	42	1	117	8359
1984	4	Breite	207	457	83	197	2	0	80	0	0	0	0	18	38	6	7	39	2	113	8303
1985	4	Breite	210	426	86	219	4	0	69	0	0	0	0	27	41	5	12	33	3	105	8188
1986	4	Breite	197	413	105	225	5	0	73	0	0	0	0	24	42	5	12	33	18	111	8068
1987	4	Breite	194	425	94	241	8	0	72	0	0	0	0	17	33	5	14	32	15	124	7932
1988	4	Breite	191	444	115	246	6	0	86	0	0	0	0	17	35	4	12	30	18	122	7750
1989	4	Breite	179	456	120	254	3	0	89	0	0	0	0	16	33	6	13	30	36	138	7650
1990	4	Breite	168	435	124	242	3	0	85	0	0	0	0	16	37	10	9	30	38	150	7582
1991	4	Breite	176	427	171	255	11	0	128	0	0	0	0	15	35	8	9	33	40	157	7409
1992	4	Breite	173	461	178	259	9	0	177	0	0	8	11	20	29	8	9	35	48	170	7349
1993	4	Breite	170	481	204	284	10	11	166	0	11	9	27	25	31	11	16	33	41	182	7265
1994	4	Breite	173	480	233	282	15	55	151	0	22	5	41	26	31	9	19	31	41	200	7188
1995	4	Breite	164	497	235	272	20	61	146	0	38	4	54	26	36	10	26	27	44	198	7153
1996	4	Breite	176	480	262	259	31	74	143	0	35	4	67	24	37	10	24	25	40	199	7078
1997	4	Breite	179	467	273	233	44	78	150	0	36	4	64	25	31	10	26	26	41	236	7037
1998	4	Breite	190	452	303	222	38	75	143	0	26	4	65	30	30	11	21	23	41	222	6858
1999	4	Breite	219	425	354	200	31	83	161	0	42	6	69	35	33	17	21	27	41	235	6766
2000	4	Breite	214	427	356	183	33	84	164	0	44	5	66	42	31	18	28	31	38	253	6613
2001	4	Breite	231	421	376	180	31	86	169	0	42	5	61	44	35	15	25	33	40	308	6483
2002	4	Breite	252	391	358	184	43	92	166	0	42	4	67	50	36	17	24	33	27	264	6307
2003	4	Breite	271	371	352	191	52	101	166	0	40	4	72	56	39	20	25	35	39	293	6250
2004	4	Breite	319	377	348	161	66	102	190	0	37	5	69	48	39	30	24	39	44	295	6189
2005	4	Breite	347	361	328	160	78	119	188	0	41	5	71	47	52	24	19	35	41	333	6113
2006	4	Breite	382	342	339	143	101	114	188	0	51	4	73	44	46	25	22	40	39	346	6145
2007	4	Breite	462	329	313	132	113	114	172	4	49	4	64	42	52	31	28	43	31	380	6088
2008	4	Breite	520	324	287	132	113	115	155	17	46	4	60	36	48	27	26	48	28	417	6065
2009	4	Breite	540	321	278	116	112	112	125	45	45	4	48	40	52	18	31	50	28	418	6061
2010	4	Breite	565	313	287	113	114	121	96	84	45	5	50	33	58	16	36	48	25	442	6041
2011	4	Breite	567	324	283	121	131	117	85	105	41	5	50	37	53	20	32	50	23	503	6050
2012	4	Breite	583	343	282	144	150	124	81	109	40	5	48	40	62	27	34	53	25	522	6016
2013	4	Breite	601	343	282	153	162	132	65	116	38	6	52	61	65	23	33	58	30	547	6039
2014	4	Breite	591	360	284	152	164	131	21	172	38	5	47	65	66	24	37	55	27	591	6033
2015	4	Breite	583	355	276	169	159	143	0	194	32	5	53	72	73	30	34	44	27	622	5977
2016	4	Breite	603	368	264	164	168	135	0	188	36	7	54	66	72	33	35	47	30	625	6041
2017	4	Breite	610	376	271	156	166	134	0	184	29	8	51	64	75	22	28	55	33	664	5978
1980	5	St. Alban	258	305	53	169	18	0	60	0	0	0	0	46	79	2	43	44	0	149	9917
1981	5	St. Alban	261	289	57	167	26	0	68	0	0	0	0	47	92	3	30	54	0	172	9881
1982	5	St. Alban	265	287	59	157	15	0	47	0	0	0	0	38	97	3	28	50	3	184	9810
1983	5	St. Alban	254	300	74	165	17	0	41	0	0	0	0	37	90	3	35	48	2	189	9769
1984	5	St. Alban	251	287	117	181	13	0	59	0	0	0	0	33	94	3	37	49	2	172	9699
1985	5	St. Alban	247	301	104	206	20	0	58	0	0	0	0	42	88	4	26	50	2	154	9610
1986	5	St. Alban	248	303	88	188	19	0	70	0	0	0	0	40	72	4	33	56	2	137	9562
1987	5	St. Alban	249	272	85	175	19	0	73	0	0	0	0	38	76	6	30	49	5	138	9462
1988	5	St. Alban	241	259	99	173	17	0	88	0	0	0	0	47	80	8	26	45	0	141	9358
1989	5	St. Alban	239	239	91	183	23	0	96	0	0	0	0	45	83	7	39	55	3	150	9242
1990	5	St. Alban	247	244	80	184	22	0	103	0	0	0	0	43	79	9	48	45	6	154	9173
1991	5	St. Alban	224	240	84	181	20	0	137	0	0	0	0	34	79	1	32	46	8	164	9057
1992	5	St. Alban	233	254	75	178	24	0	113	0	0	2	20	39	91	2	44	54	9	185	8941
1993	5	St. Alban	241	274	96	162	20	1	97	0	25	3	33	44	79	4	41	52	11	220	8911
1994	5	St. Alban	231	271	112	165	19	4	107	0	17	2	34	55	73	6	43	51	11	208	8849
1995	5	St. Alban	234	265	123	167	21	12	126	0	22	2	42	46	67	6	58	54	18	213	8709
1996	5	St. Alban	241	277	144	186	19	14	117	0	22	2	34	42	79	20	72	48	16	234	8708
1997	5	St. Alban	263	257	167	195	20	11	118	0	24	2	30	41	82	34	67	44	17	246	8566
1998	5	St. Alban	289	257	171	185	15	16	102	0	21	0	27	46	91	26	73	49	20	306	8461
1999	5	St. Alban	311	254	172	173	13	16	92	0	30	0	30	57	97	19	81	48	27	298	8283
2000	5	St. Alban	338	249	170	176	17	15	98	0	28	0	29	78	97	21	83	47	25	320	8166
2001	5	St. Alban	336	236	168	170	17	30	91	0	28	0	30	98	97	22	87	48	32	350	8086
2002	5	St. Alban	369	251	155	173	25	30	91	0	31	0	26	123	101	24	81	45	27	364	8153
2003	5	St. Alban	402	275	160	156	26	33	82	0	26	1	24	118	86	27	95	51	26	408	7916
2004	5	St. Alban	435	280	159	161	32	40	77	0	29	2	21	129	91	23	124	53	16	470	7951
2005	5	St. Alban	484	265	176	170	42	41	83	0	30	2	30	142	86	42	104	55	17	511	7802
2006	5	St. Alban	562	296	178	180	46	49	80	0	26	2	29	156	124	47	129	50	17	529	7638
2007	5	St. Alban	621	279	157	162	43	43	76	4	30	4	25	163	151	37	141	53	19	566	7639
2008	5	St. Alban	685	279	162	170	48	47	67	13	28	5	20	195	149	37	181	52	18	613	7676
2009	5	St. Alban	700	280	153	156	52	48	67	24	23	4	21	208	132	38	169	58	18	709	7623
2010	5	St. Alban	683	291	161	158	64	50	53	39	18	9	21	204	137	54	190	64	16	742	7624
2011	5	St. Alban	712	288	166	176	69	55	48	54	21	11	21	212	143	48	187	70	15	744	7598
2012	5	St. Alban	724	295	175	183	61	60	49	60	22	12	22	223	155	55	189	63	11	783	7535
2013	5	St. Alban	742	305	184	195	73	52	41	68	25	14	21	244	159	76	201	55	16	808	7519
2014	5	St. Alban	750	325	187	222	76	49	9	88	25	12	24	231	189	99	206	65	16	787	7530
2015	5	St. Alban	769	318	194	217	87	57	0	81	26	10	18	224	212	85	190	63	15	820	7523
2016	5	St. Alban	780	351	200	201	97	60	0	89	25	8	17	227	237	90	176	62	17	810	7449
2017	5	St. Alban	801	355	214	214	109	66	0	84	28	9	24	207	222	98	177	65	18	1003	7464
1980	6	Gundeldingen	472	2172	385	639	17	0	371	0	0	0	0	48	153	2	42	110	2	542	15028
1981	6	Gundeldingen	438	2068	436	669	30	0	404	0	0	0	0	57	154	2	41	113	2	618	14721
1982	6	Gundeldingen	420	1983	572	656	34	0	453	0	0	0	0	57	150	3	33	114	3	623	14539
1983	6	Gundeldingen	424	1976	777	693	37	0	512	0	0	0	0	57	144	5	42	110	5	612	14375
1984	6	Gundeldingen	425	1938	930	684	35	0	571	0	0	0	0	59	134	11	45	106	8	613	14312
1985	6	Gundeldingen	421	1960	1201	676	54	0	638	0	0	0	0	54	130	11	36	105	34	550	14061
1986	6	Gundeldingen	409	1939	1102	708	65	0	692	0	0	0	0	65	123	7	41	112	40	507	13903
1987	6	Gundeldingen	387	1891	1160	685	77	0	744	0	0	0	0	76	118	6	38	103	44	496	13560
1988	6	Gundeldingen	399	1813	1174	655	75	0	768	0	0	0	0	77	109	6	42	97	36	478	13379
1989	6	Gundeldingen	393	1820	1050	655	79	0	906	0	0	0	0	75	117	3	43	105	33	506	13186
1990	6	Gundeldingen	418	1809	1250	668	81	0	1105	0	0	0	0	84	133	22	45	105	141	630	13047
1991	6	Gundeldingen	427	1829	1289	644	86	0	1324	0	0	0	0	94	128	18	55	96	153	708	13010
1992	6	Gundeldingen	455	1786	1358	606	107	0	1384	0	0	18	92	88	117	16	53	91	138	669	12941
1993	6	Gundeldingen	461	1702	1420	618	121	18	1289	0	92	20	239	88	110	28	50	104	110	674	12794
1994	6	Gundeldingen	474	1687	1470	593	132	159	1253	0	142	24	270	89	122	28	45	101	125	712	12636
1995	6	Gundeldingen	493	1635	1469	591	138	207	1280	0	162	23	269	81	122	20	48	96	129	677	12352
1996	6	Gundeldingen	490	1621	1425	565	144	224	1115	0	128	23	255	83	128	17	44	98	104	706	12149
1997	6	Gundeldingen	493	1585	1390	505	152	233	1120	0	117	23	261	99	121	22	49	103	116	681	11926
1998	6	Gundeldingen	501	1519	1423	475	148	225	1168	0	102	13	261	101	123	43	58	90	124	673	11763
1999	6	Gundeldingen	505	1482	1468	462	147	218	1086	0	236	9	265	104	120	43	47	84	134	680	11512
2000	6	Gundeldingen	525	1426	1456	445	151	218	947	0	249	12	261	90	117	30	53	86	145	668	11330
2001	6	Gundeldingen	577	1353	1486	411	156	224	965	0	256	10	238	96	117	33	42	96	148	706	11196
2002	6	Gundeldingen	642	1287	1507	386	175	219	993	0	241	12	233	111	122	37	50	100	143	818	11076
2003	6	Gundeldingen	734	1246	1484	371	174	233	983	0	223	12	224	114	112	53	45	100	134	920	11093
2004	6	Gundeldingen	879	1208	1476	347	181	240	1004	3	235	12	228	116	110	83	57	99	129	852	11021
2005	6	Gundeldingen	1003	1136	1452	318	191	224	952	7	219	10	208	127	125	83	55	104	129	853	11057
2006	6	Gundeldingen	1142	1105	1382	301	186	251	956	0	202	9	195	129	131	104	50	104	138	903	11032
2007	6	Gundeldingen	1273	1042	1345	291	168	244	846	23	175	9	173	157	152	82	69	103	133	933	11159
2008	6	Gundeldingen	1386	1032	1268	287	166	250	747	66	148	12	142	182	148	71	75	116	120	998	11375
2009	6	Gundeldingen	1471	982	1223	279	161	250	603	160	139	15	144	187	168	72	85	118	135	1086	11322
2010	6	Gundeldingen	1408	959	1185	271	137	269	426	300	131	15	131	196	149	61	79	113	125	1140	11316
2011	6	Gundeldingen	1505	934	1147	262	153	277	355	383	127	19	128	191	160	77	85	101	104	1207	11304
2012	6	Gundeldingen	1502	930	1118	282	165	276	325	422	123	18	121	178	174	93	102	107	99	1237	11377
2013	6	Gundeldingen	1516	936	1102	291	210	274	255	471	135	12	121	184	169	130	100	111	104	1277	11435
2014	6	Gundeldingen	1537	956	1081	311	187	273	83	624	126	13	120	172	177	119	98	113	100	1333	11518
2015	6	Gundeldingen	1519	945	1053	320	180	270	0	691	120	16	116	173	195	121	91	115	107	1432	11396
2016	6	Gundeldingen	1508	941	1041	349	173	271	0	667	113	10	114	170	169	118	80	117	99	1435	11506
2017	6	Gundeldingen	1523	941	1006	366	182	243	0	653	103	9	118	183	194	115	83	125	96	1456	11423
1980	7	Bruderholz	218	93	14	51	5	0	18	0	0	0	0	26	48	1	23	12	1	138	9259
1981	7	Bruderholz	224	85	9	49	5	0	18	0	0	0	0	27	39	1	23	14	0	143	9237
1982	7	Bruderholz	223	94	17	47	5	0	19	0	0	0	0	30	40	1	25	14	0	126	9133
1983	7	Bruderholz	222	91	26	45	3	0	31	0	0	0	0	24	45	0	25	15	1	144	9038
1984	7	Bruderholz	227	103	50	46	5	0	32	0	0	0	0	21	46	1	25	18	3	150	8864
1985	7	Bruderholz	203	101	20	64	4	0	25	0	0	0	0	31	46	2	24	19	5	125	8768
1986	7	Bruderholz	182	96	18	61	5	0	32	0	0	0	0	29	49	1	24	16	4	113	8697
1987	7	Bruderholz	176	101	81	67	7	0	31	0	0	0	0	30	44	3	25	20	4	98	8613
1988	7	Bruderholz	180	121	56	64	6	0	27	0	0	0	0	22	42	0	21	20	4	113	8447
1989	7	Bruderholz	176	127	62	66	8	0	28	0	0	0	0	28	38	4	18	20	15	118	8383
1990	7	Bruderholz	180	131	66	67	9	0	30	0	0	0	0	33	41	5	23	24	4	130	8373
1991	7	Bruderholz	177	135	78	62	11	0	27	0	0	0	0	46	44	6	30	25	1	142	8341
1992	7	Bruderholz	195	144	88	62	12	0	28	0	0	1	1	57	51	7	39	27	0	169	8333
1993	7	Bruderholz	206	147	83	57	15	0	29	0	4	1	3	67	45	6	45	25	0	167	8319
1994	7	Bruderholz	205	141	83	55	24	9	23	0	8	1	5	65	41	4	38	26	0	148	8282
1995	7	Bruderholz	211	126	80	48	26	3	23	0	10	3	9	55	33	4	34	26	4	156	8200
1996	7	Bruderholz	229	153	89	53	34	3	17	0	2	4	7	57	30	4	34	23	5	159	8094
1997	7	Bruderholz	241	154	92	52	33	11	20	0	3	3	8	64	22	6	41	25	0	176	8039
1998	7	Bruderholz	259	144	115	48	31	3	26	0	3	3	6	62	19	6	49	31	3	165	8033
1999	7	Bruderholz	273	152	105	51	33	4	34	0	6	4	7	63	24	3	45	29	7	188	7883
2000	7	Bruderholz	307	161	102	48	37	3	40	0	10	3	9	65	33	2	45	28	11	196	7882
2001	7	Bruderholz	327	166	102	50	40	1	44	0	5	4	8	68	35	1	57	37	11	193	7809
2002	7	Bruderholz	340	181	99	49	37	6	37	0	6	4	8	86	31	1	57	36	8	227	7689
2003	7	Bruderholz	378	179	100	40	37	8	39	1	6	4	7	87	37	1	68	37	7	238	7576
2004	7	Bruderholz	397	176	105	40	24	9	31	0	9	4	7	100	35	1	77	41	7	274	7478
2005	7	Bruderholz	450	176	105	40	23	10	27	0	7	5	9	94	42	2	81	50	5	299	7300
2006	7	Bruderholz	481	165	97	43	27	10	30	0	6	4	12	112	49	2	64	43	5	306	7224
2007	7	Bruderholz	538	174	81	39	30	10	29	0	3	4	14	130	57	7	77	42	5	328	7184
2008	7	Bruderholz	566	173	75	37	36	12	25	0	2	4	21	135	57	8	76	43	4	346	7142
2009	7	Bruderholz	600	189	77	39	53	8	24	3	2	5	22	141	67	11	88	44	3	362	7108
2010	7	Bruderholz	612	207	80	39	50	9	25	8	2	6	18	140	75	7	95	55	0	362	7095
2011	7	Bruderholz	623	224	80	48	60	11	22	14	3	5	16	156	84	8	114	65	4	365	7053
2012	7	Bruderholz	638	236	86	45	67	16	21	17	3	2	18	170	98	8	99	68	3	397	7013
2013	7	Bruderholz	672	243	78	60	55	12	21	29	3	3	20	154	107	9	95	72	3	428	7001
2014	7	Bruderholz	653	231	78	75	60	13	7	40	3	3	19	161	116	8	92	64	3	456	6977
2015	7	Bruderholz	684	227	74	71	51	11	0	38	4	2	17	155	147	16	103	64	2	429	6970
2016	7	Bruderholz	737	241	74	80	48	15	0	35	2	2	18	146	148	16	116	61	2	483	6984
2017	7	Bruderholz	705	258	80	82	56	15	0	33	2	3	20	136	131	25	112	64	3	492	7028
1980	8	Bachletten	318	314	48	114	5	0	71	0	0	0	0	29	111	2	29	75	0	159	13816
1981	8	Bachletten	309	335	51	111	7	0	72	0	0	0	0	32	115	0	36	67	1	180	13739
1982	8	Bachletten	299	310	50	117	8	0	69	0	0	0	0	31	104	2	31	57	3	196	13673
1983	8	Bachletten	306	308	65	124	11	0	72	0	0	0	0	32	100	0	30	56	5	152	13497
1984	8	Bachletten	269	308	67	103	10	0	74	0	0	0	0	31	103	1	22	51	12	161	13363
1985	8	Bachletten	263	293	82	80	3	0	79	0	0	0	0	27	99	1	29	49	2	152	13310
1986	8	Bachletten	262	314	81	80	9	0	74	0	0	0	0	29	107	0	27	57	4	160	13128
1987	8	Bachletten	257	307	83	72	9	0	87	0	0	0	0	35	97	3	19	53	3	153	13072
1988	8	Bachletten	241	297	90	95	14	0	73	0	0	0	0	41	91	3	15	52	5	140	12935
1989	8	Bachletten	233	312	87	97	23	0	96	0	0	0	0	51	83	2	19	45	7	134	12840
1990	8	Bachletten	237	329	81	98	15	0	93	0	0	0	0	50	86	4	26	58	14	149	12697
1991	8	Bachletten	251	311	87	97	21	0	97	0	0	0	0	45	89	7	28	60	11	157	12682
1992	8	Bachletten	260	318	94	89	22	0	108	0	0	4	10	54	84	7	35	62	24	182	12640
1993	8	Bachletten	261	340	76	83	27	10	110	0	3	3	19	49	83	6	32	62	26	175	12576
1994	8	Bachletten	275	336	81	90	27	29	88	0	7	9	19	61	76	10	34	55	24	181	12474
1995	8	Bachletten	292	330	87	88	24	31	123	0	12	10	20	61	70	10	38	54	29	194	12313
1996	8	Bachletten	323	308	95	92	30	40	118	0	17	9	24	59	78	10	40	52	32	208	12175
1997	8	Bachletten	331	322	94	107	32	47	107	0	13	9	25	70	89	10	39	67	19	218	12114
1998	8	Bachletten	340	342	105	103	30	47	101	0	13	9	21	63	94	8	39	70	30	224	11959
1999	8	Bachletten	357	354	115	103	31	47	111	0	17	8	21	64	98	7	47	69	27	249	11852
2000	8	Bachletten	375	332	129	102	26	46	101	0	27	9	25	57	100	7	43	66	26	271	11737
2001	8	Bachletten	369	340	131	104	34	47	107	0	30	8	29	72	98	10	60	64	24	310	11521
2002	8	Bachletten	432	334	122	97	37	44	102	0	29	8	31	80	102	14	72	65	26	334	11419
2003	8	Bachletten	478	314	104	111	37	42	98	5	24	7	28	86	100	13	75	67	20	332	11294
2004	8	Bachletten	570	311	118	108	41	37	109	5	21	7	30	89	95	13	86	72	17	357	11206
2005	8	Bachletten	632	306	113	115	45	31	113	5	15	5	32	95	96	12	81	73	11	382	11057
2006	8	Bachletten	655	309	126	110	50	31	126	0	16	4	39	96	97	19	84	82	17	397	10867
2007	8	Bachletten	697	307	128	106	56	35	120	3	18	4	41	88	98	18	104	88	14	407	10884
2008	8	Bachletten	723	315	128	111	51	26	94	6	15	2	39	99	109	10	115	88	13	417	10888
2009	8	Bachletten	814	334	126	105	51	23	71	21	13	2	37	105	134	10	100	94	12	417	10800
2010	8	Bachletten	856	344	116	111	53	26	52	24	13	3	39	113	126	12	94	79	11	424	10638
2011	8	Bachletten	876	351	118	112	57	26	53	23	13	3	37	122	132	15	97	82	15	451	10671
2012	8	Bachletten	907	355	130	123	66	31	45	30	13	6	39	127	121	5	102	76	15	476	10679
2013	8	Bachletten	893	366	131	143	59	39	36	42	14	12	34	135	133	38	100	74	14	501	10644
2014	8	Bachletten	900	388	124	141	82	40	7	69	13	13	34	125	129	40	97	69	14	552	10652
2015	8	Bachletten	921	381	113	134	76	33	0	86	15	15	30	136	119	50	90	74	17	610	10661
2016	8	Bachletten	950	381	107	126	77	35	0	77	15	11	29	138	133	46	89	70	15	650	10592
2017	8	Bachletten	956	356	108	120	103	29	0	88	9	12	28	138	137	26	81	71	15	621	10628
1980	9	Gotthelf	197	435	30	142	11	0	105	0	0	0	0	24	44	5	20	47	0	124	6691
1981	9	Gotthelf	199	431	30	149	10	0	97	0	0	0	0	25	37	5	18	51	0	131	6650
1982	9	Gotthelf	200	424	37	178	11	0	110	0	0	0	0	28	40	10	17	50	0	124	6560
1983	9	Gotthelf	180	382	71	165	14	0	122	0	0	0	0	27	37	5	15	49	1	111	6461
1984	9	Gotthelf	168	365	65	147	17	0	128	0	0	0	0	25	35	13	17	52	2	127	6487
1985	9	Gotthelf	169	364	88	147	19	0	126	0	0	0	0	27	48	12	16	42	9	126	6408
1986	9	Gotthelf	169	354	59	144	18	0	122	0	0	0	0	23	42	13	12	54	2	115	6303
1987	9	Gotthelf	161	339	57	139	18	0	127	0	0	0	0	25	45	12	11	52	2	123	6218
1988	9	Gotthelf	160	335	53	137	18	0	121	0	0	0	0	22	31	13	14	49	2	126	6199
1989	9	Gotthelf	158	308	67	128	18	0	134	0	0	0	0	28	32	13	19	50	2	107	6192
1990	9	Gotthelf	162	304	80	132	26	0	156	0	0	0	0	25	37	12	25	54	4	123	6102
1991	9	Gotthelf	157	307	76	116	35	0	170	0	0	0	0	23	30	16	21	53	14	143	6095
1992	9	Gotthelf	164	284	74	120	39	0	175	0	0	5	9	27	27	15	15	53	8	160	6056
1993	9	Gotthelf	180	290	84	117	34	7	154	0	2	9	27	30	23	17	18	53	10	182	5994
1994	9	Gotthelf	184	279	102	123	39	30	124	0	7	8	36	23	21	20	21	47	13	174	5956
1995	9	Gotthelf	185	282	97	114	40	30	121	0	12	9	27	27	21	22	19	44	17	174	5899
1996	9	Gotthelf	184	257	109	120	43	36	119	0	15	8	23	31	24	19	25	47	14	188	5831
1997	9	Gotthelf	200	235	100	115	37	36	117	0	22	7	19	37	26	22	22	46	16	169	5726
1998	9	Gotthelf	190	237	107	106	42	38	114	0	22	6	22	30	25	15	14	45	23	178	5630
1999	9	Gotthelf	187	254	107	100	44	35	118	0	23	5	29	26	31	14	10	48	25	184	5501
2000	9	Gotthelf	208	244	125	84	51	34	104	0	21	5	29	29	28	11	12	52	22	195	5397
2001	9	Gotthelf	221	236	129	77	43	36	96	0	19	6	32	39	30	15	15	44	19	182	5332
2002	9	Gotthelf	246	233	111	81	41	24	96	0	22	6	36	39	32	17	14	47	20	184	5301
2003	9	Gotthelf	276	232	118	84	50	25	98	0	20	5	37	40	42	20	17	46	20	211	5278
2004	9	Gotthelf	334	233	115	78	46	27	100	0	24	4	34	41	39	22	11	43	22	254	5205
2005	9	Gotthelf	392	236	112	83	38	19	94	2	27	4	29	41	37	19	16	39	27	236	5188
2006	9	Gotthelf	398	222	99	95	39	17	85	0	24	5	28	52	35	11	20	41	27	239	5199
2007	9	Gotthelf	465	226	96	98	48	18	78	1	17	6	24	53	38	22	27	46	21	250	5134
2008	9	Gotthelf	494	218	90	96	42	21	65	7	19	7	33	50	51	26	16	47	27	286	5097
2009	9	Gotthelf	546	220	92	90	48	17	61	16	16	6	33	61	63	21	21	50	28	320	5059
2010	9	Gotthelf	560	222	88	95	49	17	49	30	9	6	27	67	64	23	26	57	31	328	5021
2011	9	Gotthelf	591	237	93	98	51	15	38	31	5	5	26	67	63	21	28	51	24	322	5004
2012	9	Gotthelf	570	223	92	91	54	20	32	34	5	6	24	68	67	31	34	50	25	349	5057
2013	9	Gotthelf	574	223	88	87	68	24	28	39	5	5	28	62	63	34	41	48	26	341	5012
2014	9	Gotthelf	596	210	80	94	70	24	10	61	6	4	36	75	80	39	45	49	31	366	4964
2015	9	Gotthelf	597	213	76	95	67	24	0	70	6	3	32	78	77	35	28	55	22	412	4951
2016	9	Gotthelf	585	217	76	99	60	24	0	80	5	3	34	76	75	36	26	52	22	428	4939
2017	9	Gotthelf	583	222	79	102	53	22	0	78	5	2	32	67	78	29	34	51	22	440	4999
1980	10	Iselin	301	1162	115	359	14	0	264	0	0	0	0	22	132	19	26	95	0	236	15711
1981	10	Iselin	312	1092	109	364	26	0	260	0	0	0	0	27	124	20	30	90	0	251	15406
1982	10	Iselin	296	1091	124	377	33	0	276	0	0	0	0	29	121	23	25	86	0	301	15194
1983	10	Iselin	296	1089	132	360	40	0	288	0	0	0	0	29	120	28	23	80	0	266	15046
1984	10	Iselin	273	1057	132	393	49	0	300	0	0	0	0	29	116	17	26	76	4	286	14867
1985	10	Iselin	280	1066	267	394	54	0	298	0	0	0	0	28	129	32	22	74	83	287	14685
1986	10	Iselin	285	1015	207	405	56	0	296	0	0	0	0	32	127	26	18	72	64	275	14452
1987	10	Iselin	279	1020	260	377	58	0	305	0	0	0	0	36	118	24	15	68	70	262	14199
1988	10	Iselin	287	1035	372	404	76	0	347	0	0	0	0	39	108	31	20	82	63	262	13975
1989	10	Iselin	285	1039	433	414	72	0	418	0	0	0	0	38	98	32	19	65	72	305	13855
1990	10	Iselin	315	1004	478	443	88	0	469	0	0	0	0	47	101	43	24	63	73	366	13605
1991	10	Iselin	331	993	543	432	114	0	567	0	0	0	0	52	102	56	27	58	142	372	13310
1992	10	Iselin	366	989	550	433	120	0	563	0	0	10	68	54	93	47	27	63	141	418	13150
1993	10	Iselin	374	991	568	423	114	9	533	0	21	13	118	62	93	49	31	64	130	414	12976
1994	10	Iselin	371	995	496	422	129	46	431	0	46	13	154	53	89	48	30	63	138	418	12671
1995	10	Iselin	372	988	633	410	165	70	495	0	51	12	161	54	93	44	33	66	111	431	12599
1996	10	Iselin	398	969	714	401	173	64	490	0	55	12	158	43	91	40	26	72	106	428	12336
1997	10	Iselin	374	959	767	386	191	58	520	0	43	16	147	44	89	32	23	66	120	409	12100
1998	10	Iselin	360	970	784	396	186	80	594	0	43	14	142	46	93	25	27	63	123	425	11901
1999	10	Iselin	379	985	781	405	189	109	567	0	73	12	140	48	99	27	21	65	124	435	11714
2000	10	Iselin	413	936	730	395	185	101	525	0	77	11	148	50	105	36	26	61	118	508	11485
2001	10	Iselin	430	941	754	384	198	106	536	0	75	13	155	57	99	26	21	73	132	556	11343
2002	10	Iselin	495	940	752	384	202	107	550	0	77	9	140	56	100	29	27	71	122	598	11241
2003	10	Iselin	535	926	745	391	187	115	581	0	92	10	146	62	106	39	23	67	131	653	11198
2004	10	Iselin	598	948	780	387	185	109	523	0	101	9	145	59	101	40	21	77	135	650	11164
2005	10	Iselin	609	949	725	357	216	104	512	3	97	8	142	56	96	39	25	72	143	677	10836
2006	10	Iselin	688	904	742	327	217	109	518	0	98	7	135	74	97	44	28	72	127	732	10685
2007	10	Iselin	774	883	737	320	231	116	458	8	84	6	116	87	100	51	30	75	131	808	10668
2008	10	Iselin	879	857	724	315	246	121	399	30	82	9	98	76	100	37	40	82	132	837	10665
2009	10	Iselin	972	846	722	342	257	97	340	66	80	7	77	90	100	52	43	86	123	923	10521
2010	10	Iselin	1015	833	753	348	257	108	259	145	86	8	79	106	112	54	41	84	147	946	10594
2011	10	Iselin	1048	841	755	351	282	118	210	190	89	9	78	113	112	62	47	88	144	1031	10550
2012	10	Iselin	1037	864	765	354	297	117	192	199	93	6	81	101	106	64	45	84	134	1104	10552
2013	10	Iselin	1074	877	736	359	339	113	173	239	85	12	87	115	121	82	48	89	125	1180	10526
2014	10	Iselin	1103	862	732	391	389	102	43	370	80	10	89	108	126	105	47	90	122	1159	10526
2015	10	Iselin	1129	902	738	388	397	111	0	432	69	13	83	108	137	90	44	93	123	1238	10497
2016	10	Iselin	1112	895	752	409	407	114	0	441	67	14	85	108	138	77	49	97	129	1364	10424
2017	10	Iselin	1137	884	798	387	387	117	0	452	73	16	78	123	135	89	50	98	121	1443	10461
1980	11	St. Johann	488	2192	361	830	84	0	373	0	0	0	0	26	147	24	23	113	3	453	14127
1981	11	St. Johann	450	2159	420	880	91	0	409	0	0	0	0	40	133	31	33	105	1	437	13763
1982	11	St. Johann	434	2132	469	937	100	0	443	0	0	0	0	50	125	36	37	107	1	452	13534
1983	11	St. Johann	419	2042	633	1025	119	0	487	0	0	0	0	41	130	40	33	97	7	457	13248
1984	11	St. Johann	415	1988	782	1077	126	0	545	0	0	0	0	42	127	51	32	90	23	453	12945
1985	11	St. Johann	397	1981	887	1077	132	0	567	0	0	0	0	46	130	50	32	93	40	423	12676
1986	11	St. Johann	382	2003	940	1116	152	0	639	0	0	0	0	51	124	48	33	89	69	434	12524
1987	11	St. Johann	387	1936	1023	1142	164	0	677	0	0	0	0	52	124	50	35	91	58	434	12454
1988	11	St. Johann	390	1869	1076	1154	174	0	801	0	0	0	0	60	130	50	37	84	60	439	12061
1989	11	St. Johann	380	1850	1123	1147	190	0	878	0	0	0	0	53	125	49	37	83	69	430	11837
1990	11	St. Johann	416	1849	1202	1175	213	0	962	0	0	0	0	56	116	41	45	90	87	452	11751
1991	11	St. Johann	424	1841	1319	1152	217	0	1094	0	0	0	0	55	119	49	49	91	125	515	11913
1992	11	St. Johann	424	1815	1377	1132	214	0	1149	0	3	14	79	63	108	55	53	82	159	558	11829
1993	11	St. Johann	439	1850	1477	1118	246	65	1100	0	62	19	173	73	110	57	73	83	204	583	12057
1994	11	St. Johann	452	1798	1494	1101	279	223	1004	0	82	18	182	68	113	69	55	85	210	581	11922
1995	11	St. Johann	471	1760	1393	1095	297	314	991	0	116	18	185	50	116	73	49	78	207	606	11617
1996	11	St. Johann	459	1624	1389	1049	317	331	1095	0	122	18	185	45	106	64	43	72	242	629	11433
1997	11	St. Johann	473	1588	1396	985	297	352	1068	0	141	17	185	42	106	50	43	69	275	640	11281
1998	11	St. Johann	477	1502	1331	941	296	335	1080	0	130	14	192	57	100	54	38	70	275	641	10971
1999	11	St. Johann	477	1385	1343	880	294	339	1045	0	204	16	176	56	100	65	43	70	266	675	10711
2000	11	St. Johann	499	1325	1331	844	291	350	919	0	229	16	194	61	92	57	36	71	268	702	10662
2001	11	St. Johann	516	1299	1282	831	300	338	891	0	222	15	195	61	103	63	39	71	279	773	10580
2002	11	St. Johann	601	1223	1236	820	373	353	870	0	231	14	211	71	111	71	52	92	304	853	10527
2003	11	St. Johann	666	1131	1183	775	388	369	819	0	232	13	211	78	120	68	49	112	308	922	10477
2004	11	St. Johann	728	1077	1155	712	410	368	820	3	223	10	190	79	118	72	50	129	290	1001	10447
2005	11	St. Johann	883	1032	1163	661	465	370	770	5	209	10	166	86	114	72	44	139	271	932	10351
2006	11	St. Johann	959	1016	1142	610	471	351	790	0	196	11	155	97	130	57	42	140	268	1005	10251
2007	11	St. Johann	1040	953	1086	550	517	336	752	14	161	11	143	107	114	54	50	126	219	1053	10353
2008	11	St. Johann	1159	923	1078	516	559	311	692	42	139	9	133	106	127	75	53	127	177	1135	10439
2009	11	St. Johann	1279	916	1043	507	549	316	593	147	123	9	131	132	129	116	74	123	175	1223	10412
2010	11	St. Johann	1331	900	1020	508	584	324	453	252	123	9	119	127	124	103	84	106	161	1357	10581
2011	11	St. Johann	1389	889	1024	522	616	324	371	302	109	8	131	158	134	133	89	112	160	1404	10590
2012	11	St. Johann	1387	869	1013	534	696	315	332	314	112	9	129	179	141	148	98	117	149	1486	10610
2013	11	St. Johann	1428	899	1013	574	722	309	274	336	109	15	127	186	152	195	97	128	146	1584	10579
2014	11	St. Johann	1473	908	1001	560	698	303	79	499	98	15	135	183	166	210	98	125	136	1614	10657
2015	11	St. Johann	1432	905	938	566	689	300	0	527	93	28	137	184	179	185	109	122	144	1632	10640
2016	11	St. Johann	1445	923	916	554	717	267	0	545	89	30	125	184	170	158	108	125	147	1638	10617
2017	11	St. Johann	1417	922	895	526	695	254	0	533	91	26	120	175	172	165	122	114	146	1661	10646
1980	12	Altstadt Kleinbasel	77	200	21	75	3	0	37	0	0	0	0	6	14	0	9	15	0	58	2334
1981	12	Altstadt Kleinbasel	86	191	35	65	4	0	34	0	0	0	0	7	15	0	14	13	0	70	2227
1982	12	Altstadt Kleinbasel	83	175	64	93	9	0	38	0	0	0	0	6	19	0	9	14	3	71	2238
1983	12	Altstadt Kleinbasel	82	175	105	94	10	0	44	0	0	0	0	7	19	1	19	15	1	80	2162
1984	12	Altstadt Kleinbasel	83	183	104	85	12	0	53	0	0	0	0	12	25	7	12	15	15	73	2153
1985	12	Altstadt Kleinbasel	83	177	107	89	10	0	55	0	0	0	0	14	23	0	12	14	3	52	2172
1986	12	Altstadt Kleinbasel	81	168	93	91	9	0	58	0	0	0	0	10	17	1	15	11	4	62	2106
1987	12	Altstadt Kleinbasel	81	165	53	81	12	0	67	0	0	0	0	11	16	2	18	12	7	51	2099
1988	12	Altstadt Kleinbasel	79	157	61	84	11	0	62	0	0	0	0	13	19	1	17	8	4	49	2069
1989	12	Altstadt Kleinbasel	73	144	42	82	8	0	70	0	0	0	0	13	18	0	11	8	2	69	2058
1990	12	Altstadt Kleinbasel	80	154	51	76	4	0	82	0	0	0	0	13	20	4	7	15	5	75	2034
1991	12	Altstadt Kleinbasel	97	163	51	69	8	0	95	0	0	0	0	7	20	2	16	12	8	78	2019
1992	12	Altstadt Kleinbasel	93	165	46	66	11	0	102	0	0	0	18	5	16	2	16	12	9	74	2022
1993	12	Altstadt Kleinbasel	93	150	44	70	13	0	102	0	4	0	23	6	15	2	15	12	18	86	2013
1994	12	Altstadt Kleinbasel	94	144	52	75	10	12	114	0	10	0	24	5	16	2	12	12	13	86	1980
1995	12	Altstadt Kleinbasel	91	145	78	73	10	9	92	0	9	1	21	9	16	3	12	8	13	87	1921
1996	12	Altstadt Kleinbasel	83	136	72	66	9	12	81	0	8	1	26	9	18	3	11	9	7	85	1884
1997	12	Altstadt Kleinbasel	95	106	65	66	14	7	75	0	9	1	23	4	18	1	10	12	5	83	1822
1998	12	Altstadt Kleinbasel	85	101	70	63	11	6	76	0	12	1	24	4	13	1	12	11	2	80	1833
1999	12	Altstadt Kleinbasel	84	99	55	50	11	5	90	0	22	2	24	10	12	1	13	11	3	88	1815
2000	12	Altstadt Kleinbasel	83	103	53	45	11	6	77	0	23	2	21	7	12	0	11	13	3	109	1766
2001	12	Altstadt Kleinbasel	87	100	51	44	10	5	64	0	25	2	16	18	12	1	10	15	4	124	1753
2002	12	Altstadt Kleinbasel	103	94	55	43	10	7	62	0	19	0	19	19	12	1	12	14	4	135	1756
2003	12	Altstadt Kleinbasel	106	80	53	43	11	8	62	0	15	0	20	20	13	2	11	16	4	137	1703
2004	12	Altstadt Kleinbasel	118	81	57	38	11	9	63	0	11	0	16	24	14	4	10	18	7	143	1693
2005	12	Altstadt Kleinbasel	118	90	40	41	11	11	60	3	6	1	8	26	18	1	11	12	5	148	1646
2006	12	Altstadt Kleinbasel	139	82	40	40	13	10	63	0	6	0	8	23	14	4	13	14	8	160	1616
2007	12	Altstadt Kleinbasel	159	72	48	33	12	7	59	0	6	1	10	25	14	1	13	16	10	161	1569
2008	12	Altstadt Kleinbasel	186	73	42	28	11	14	43	9	7	1	8	23	10	2	12	14	11	159	1564
2009	12	Altstadt Kleinbasel	201	81	35	33	13	16	32	12	7	2	10	27	14	9	15	16	5	180	1575
2010	12	Altstadt Kleinbasel	208	71	37	35	13	18	20	19	7	2	9	24	21	9	14	17	4	183	1555
2011	12	Altstadt Kleinbasel	188	74	33	35	11	17	21	24	2	1	9	30	22	11	13	17	5	188	1570
2012	12	Altstadt Kleinbasel	177	78	34	41	11	22	16	25	2	1	11	27	29	12	20	23	5	200	1554
2013	12	Altstadt Kleinbasel	199	77	32	52	14	21	15	28	2	1	9	36	33	10	28	25	5	238	1555
2014	12	Altstadt Kleinbasel	195	88	43	48	18	26	3	45	3	1	13	41	28	13	30	25	6	248	1571
2015	12	Altstadt Kleinbasel	189	93	41	52	19	25	0	47	3	5	7	33	29	11	32	19	2	266	1562
2016	12	Altstadt Kleinbasel	206	101	37	53	19	27	0	43	5	5	8	35	38	17	32	20	2	292	1556
2017	12	Altstadt Kleinbasel	205	91	37	48	15	20	0	54	2	5	7	40	44	23	36	22	2	265	1548
1980	13	Clara	113	513	59	135	6	0	91	0	0	0	0	8	22	1	9	22	0	60	2990
1981	13	Clara	113	494	77	154	12	0	95	0	0	0	0	10	25	1	8	20	0	87	2933
1982	13	Clara	102	527	113	153	7	0	117	0	0	0	0	7	26	0	12	24	1	89	2864
1983	13	Clara	101	514	203	173	7	0	98	0	0	0	0	5	20	0	8	19	2	81	2813
1984	13	Clara	92	524	248	156	7	0	137	0	0	0	0	6	21	1	9	18	6	90	2863
1985	13	Clara	97	494	238	158	8	0	149	0	0	0	0	8	24	0	10	22	7	88	2815
1986	13	Clara	90	475	216	153	11	0	141	0	0	0	0	5	23	0	6	29	14	96	2805
1987	13	Clara	87	462	236	136	18	0	157	0	0	0	0	7	24	1	13	26	28	79	2738
1988	13	Clara	96	445	262	137	18	0	195	0	0	0	0	5	27	1	9	27	29	98	2676
1989	13	Clara	97	432	263	149	22	0	182	0	0	0	0	8	28	1	10	25	25	99	2616
1990	13	Clara	98	437	241	161	39	0	224	0	0	0	0	8	34	5	10	26	35	121	2678
1991	13	Clara	94	438	241	162	43	0	279	0	0	0	0	18	27	5	8	20	39	109	2664
1992	13	Clara	92	429	274	157	47	0	272	0	0	2	13	11	26	6	6	22	41	113	2635
1993	13	Clara	102	411	275	170	52	15	261	0	0	4	28	12	29	6	6	25	35	125	2645
1994	13	Clara	102	409	284	163	52	67	223	0	7	5	30	17	30	5	9	23	37	124	2534
1995	13	Clara	106	395	256	168	57	75	254	0	8	5	33	15	28	6	13	22	35	134	2514
1996	13	Clara	103	401	222	167	61	70	273	0	17	5	34	14	28	6	5	24	33	130	2364
1997	13	Clara	106	385	196	172	63	78	278	0	23	7	41	12	30	7	4	27	43	137	2296
1998	13	Clara	104	363	182	155	62	80	250	0	39	6	47	14	27	8	7	28	48	127	2229
1999	13	Clara	109	379	199	135	64	82	247	0	56	8	47	10	25	11	6	24	44	127	2215
2000	13	Clara	112	369	202	130	58	111	257	0	44	9	44	13	24	9	4	32	49	126	2193
2001	13	Clara	125	365	175	131	52	111	252	0	40	7	38	15	23	13	6	30	46	145	2205
2002	13	Clara	150	344	171	130	54	110	260	0	40	7	47	11	30	10	4	31	46	154	2175
2003	13	Clara	170	323	173	112	51	117	253	0	57	7	43	14	27	14	9	30	38	189	2156
2004	13	Clara	171	323	134	107	53	120	261	0	47	8	40	15	25	27	10	39	47	191	2171
2005	13	Clara	190	287	137	110	65	120	253	1	46	5	33	19	26	30	11	48	49	194	2119
2006	13	Clara	219	268	152	109	68	111	236	0	32	4	35	31	31	41	17	42	46	226	2093
2007	13	Clara	255	253	144	104	59	101	217	6	31	5	33	30	42	49	26	37	45	237	2187
2008	13	Clara	263	260	129	104	76	104	197	12	28	6	34	33	44	78	23	38	49	275	2212
2009	13	Clara	288	264	137	98	72	104	176	31	26	3	33	37	37	108	20	38	41	292	2189
2010	13	Clara	274	253	129	107	65	97	134	80	23	4	34	42	29	107	27	32	41	298	2188
2011	13	Clara	258	255	123	95	72	94	119	81	18	3	36	44	27	128	22	32	40	332	2201
2012	13	Clara	260	249	124	93	76	93	109	97	18	3	32	41	32	185	21	29	43	351	2213
2013	13	Clara	276	250	124	90	75	96	91	119	16	2	35	44	30	172	28	25	38	389	2207
2014	13	Clara	294	240	116	102	89	89	25	175	19	5	32	37	41	146	26	29	34	390	2176
2015	13	Clara	291	237	113	98	89	92	0	198	20	9	32	37	54	145	22	29	26	377	2160
2016	13	Clara	292	228	116	102	97	94	0	192	17	7	32	41	51	150	20	29	26	370	2159
2017	13	Clara	297	239	125	105	103	100	0	181	15	12	34	35	45	163	32	28	26	369	2175
1980	14	Wettstein	122	348	29	120	2	0	38	0	0	0	0	4	22	1	21	24	0	78	5280
1981	14	Wettstein	119	343	40	120	3	0	38	0	0	0	0	8	22	2	27	24	0	76	5159
1982	14	Wettstein	124	348	50	123	3	0	36	0	0	0	0	11	20	2	18	17	0	77	5063
1983	14	Wettstein	119	325	60	119	3	0	25	0	0	0	0	11	19	1	22	17	0	67	5025
1984	14	Wettstein	119	301	105	132	3	0	32	0	0	0	0	9	19	3	15	18	8	76	4969
1985	14	Wettstein	109	283	142	133	3	0	26	0	0	0	0	8	13	1	13	16	0	61	4897
1986	14	Wettstein	110	287	79	127	1	0	26	0	0	0	0	10	13	2	13	14	1	53	4832
1987	14	Wettstein	111	285	60	113	4	0	24	0	0	0	0	9	13	6	12	17	0	64	4737
1988	14	Wettstein	104	288	61	121	4	0	34	0	0	0	0	4	15	5	14	16	0	76	4685
1989	14	Wettstein	116	280	88	121	5	0	43	0	0	0	0	5	22	4	12	17	0	77	4590
1990	14	Wettstein	122	281	85	111	13	0	40	0	0	0	0	11	22	3	12	18	1	89	4566
1991	14	Wettstein	129	269	67	93	19	0	53	0	0	0	0	17	26	4	10	18	4	90	4524
1992	14	Wettstein	149	256	80	94	18	0	46	0	0	3	10	17	31	4	14	19	4	104	4484
1993	14	Wettstein	152	246	105	87	17	0	41	0	0	3	16	26	29	3	19	26	1	106	4441
1994	14	Wettstein	163	245	110	80	19	14	32	0	8	4	16	30	28	3	13	25	0	104	4359
1995	14	Wettstein	160	242	121	68	29	10	47	0	8	4	21	27	28	4	19	23	1	114	4299
1996	14	Wettstein	177	243	148	73	30	8	52	0	9	3	22	27	29	15	23	23	0	133	4357
1997	14	Wettstein	186	244	136	67	32	12	51	0	10	5	30	33	17	15	24	21	4	141	4358
1998	14	Wettstein	188	239	131	76	26	14	63	0	8	5	28	29	17	6	19	21	0	136	4326
1999	14	Wettstein	195	229	126	78	16	22	61	0	6	4	28	42	24	3	24	25	0	149	4305
2000	14	Wettstein	199	231	119	89	17	22	70	0	5	4	29	30	20	6	17	22	0	152	4222
2001	14	Wettstein	201	220	133	86	20	14	70	0	6	4	32	44	19	7	21	20	5	171	4130
2002	14	Wettstein	225	240	121	107	20	18	65	0	8	4	33	53	23	6	21	20	6	187	4152
2003	14	Wettstein	244	241	136	100	19	11	43	0	9	4	33	64	23	8	27	22	8	191	4205
2004	14	Wettstein	282	242	136	95	16	15	46	1	11	4	37	64	25	8	27	25	10	196	4210
2005	14	Wettstein	305	230	143	92	18	14	45	2	12	3	43	60	31	11	30	20	7	202	4188
2006	14	Wettstein	350	205	136	84	27	16	43	0	12	3	46	61	39	10	23	25	3	224	4097
2007	14	Wettstein	399	197	115	81	22	17	23	0	12	3	42	52	42	14	21	27	7	222	4081
2008	14	Wettstein	449	206	102	80	19	16	26	3	8	2	30	47	42	21	28	27	2	250	4038
2009	14	Wettstein	482	207	126	81	23	14	21	5	4	2	30	52	45	35	30	27	3	259	4011
2010	14	Wettstein	456	208	113	83	25	18	15	10	3	4	29	34	49	40	27	35	3	252	3979
2011	14	Wettstein	465	194	98	69	26	15	10	23	3	6	25	41	47	46	24	34	5	284	3944
2012	14	Wettstein	474	196	107	73	33	14	9	24	6	5	26	48	51	45	38	28	12	290	3887
2013	14	Wettstein	502	194	95	77	36	16	10	26	6	2	19	48	53	35	39	31	10	301	3862
2014	14	Wettstein	516	191	83	102	36	11	4	36	9	6	17	63	58	34	51	36	15	383	3940
2015	14	Wettstein	539	199	85	106	41	12	0	38	10	5	16	50	74	17	66	39	14	422	3874
2016	14	Wettstein	556	212	87	103	45	13	0	42	10	4	17	48	79	20	63	40	17	440	3852
2017	14	Wettstein	549	225	87	106	45	16	0	41	6	3	14	51	65	22	77	41	9	365	3808
1980	15	Hirzbrunnen	391	377	34	45	1	0	51	0	0	0	0	20	29	2	5	37	0	117	9716
1981	15	Hirzbrunnen	378	386	34	48	0	0	55	0	0	0	0	14	35	1	4	38	0	103	9550
1982	15	Hirzbrunnen	366	380	41	55	0	0	55	0	0	0	0	16	36	1	3	33	0	120	9397
1983	15	Hirzbrunnen	352	349	47	55	0	0	54	0	0	0	0	14	36	0	4	29	0	119	9313
1984	15	Hirzbrunnen	328	328	55	66	1	0	56	0	0	0	0	9	41	0	3	28	0	127	9224
1985	15	Hirzbrunnen	305	331	187	67	1	0	61	0	0	0	0	9	39	1	7	24	27	123	9131
1986	15	Hirzbrunnen	284	334	73	70	5	0	56	0	0	0	0	10	38	0	7	28	0	109	9037
1987	15	Hirzbrunnen	267	339	239	69	2	0	63	0	0	0	0	18	34	6	15	23	0	115	8860
1988	15	Hirzbrunnen	282	331	86	61	5	0	60	0	0	0	0	20	34	9	17	19	0	104	8724
1989	15	Hirzbrunnen	287	334	98	62	8	0	60	0	0	0	0	27	41	11	14	23	0	112	8653
1990	15	Hirzbrunnen	288	337	118	64	11	0	87	0	0	0	0	17	42	11	3	23	11	116	8604
1991	15	Hirzbrunnen	290	347	150	69	13	0	106	0	0	0	0	15	40	13	4	27	9	113	8555
1992	15	Hirzbrunnen	293	354	149	63	14	0	90	0	0	3	23	13	39	8	4	28	8	114	8495
1993	15	Hirzbrunnen	297	349	196	56	14	0	68	0	0	3	37	12	32	9	15	28	7	121	8446
1994	15	Hirzbrunnen	301	360	258	62	16	9	63	0	4	3	39	10	34	9	8	34	5	139	8330
1995	15	Hirzbrunnen	286	356	342	63	14	20	71	0	4	3	35	5	33	7	2	29	13	127	8165
1996	15	Hirzbrunnen	286	341	379	64	20	25	93	0	6	3	30	10	31	8	5	24	11	139	8074
1997	15	Hirzbrunnen	291	337	417	61	16	34	88	0	6	3	23	9	28	11	7	26	9	132	7934
1998	15	Hirzbrunnen	291	332	430	62	16	41	79	0	4	2	27	8	27	10	2	22	2	145	7874
1999	15	Hirzbrunnen	289	350	431	65	19	47	88	0	9	2	33	12	29	10	4	22	5	151	7719
2000	15	Hirzbrunnen	292	346	408	67	26	48	97	0	10	0	35	9	32	8	12	23	7	166	7552
2001	15	Hirzbrunnen	287	352	383	65	29	53	89	0	8	0	32	16	30	14	12	23	9	171	7502
2002	15	Hirzbrunnen	295	333	354	58	33	53	91	0	7	3	30	17	30	14	17	20	8	203	7467
2003	15	Hirzbrunnen	305	327	348	57	32	64	97	0	12	3	28	12	24	18	13	19	7	203	7350
2004	15	Hirzbrunnen	322	318	338	59	31	59	76	0	11	2	25	20	25	7	10	20	4	194	7296
2005	15	Hirzbrunnen	346	327	314	54	26	42	92	0	16	3	30	14	24	8	11	18	1	202	7197
2006	15	Hirzbrunnen	352	324	294	63	19	33	91	0	15	3	33	19	26	12	11	16	1	206	7034
2007	15	Hirzbrunnen	381	318	271	66	22	25	83	1	13	3	31	23	26	18	11	16	1	191	6937
2008	15	Hirzbrunnen	433	310	284	64	21	31	65	4	14	3	33	13	25	22	9	24	1	200	6929
2009	15	Hirzbrunnen	439	328	266	65	25	32	55	20	18	2	35	16	23	30	15	26	4	208	6977
2010	15	Hirzbrunnen	445	323	256	53	21	35	41	45	13	2	31	18	29	28	10	24	4	204	6959
2011	15	Hirzbrunnen	480	333	262	51	26	38	36	55	12	3	28	34	27	25	13	29	4	233	7017
2012	15	Hirzbrunnen	508	322	243	53	30	48	35	79	17	5	22	29	37	26	12	33	4	241	6904
2013	15	Hirzbrunnen	529	315	255	70	31	51	25	82	18	6	23	30	41	34	9	33	4	257	6913
2014	15	Hirzbrunnen	562	319	279	91	38	58	6	122	25	9	27	47	47	29	16	30	4	296	6929
2015	15	Hirzbrunnen	556	299	279	98	42	52	0	127	30	8	29	42	43	20	19	32	6	301	7021
2016	15	Hirzbrunnen	604	320	269	123	46	65	0	118	29	8	41	51	72	13	25	35	6	390	7015
2017	15	Hirzbrunnen	619	330	283	122	55	69	0	112	25	8	41	54	78	13	23	38	7	447	6992
1980	16	Rosental	127	507	84	189	2	0	49	0	0	0	0	2	12	1	7	36	1	43	2923
1981	16	Rosental	114	489	75	209	2	0	43	0	0	0	0	1	10	1	8	33	0	52	2847
1982	16	Rosental	111	467	84	223	6	0	47	0	0	0	0	10	19	1	3	33	1	50	2960
1983	16	Rosental	119	463	113	245	7	0	54	0	0	0	0	12	18	1	7	29	1	70	2863
1984	16	Rosental	129	444	155	253	6	0	70	0	0	0	0	10	23	3	6	30	3	80	2826
1985	16	Rosental	138	440	193	291	11	0	70	0	0	0	0	8	12	5	4	27	4	86	2747
1986	16	Rosental	120	419	179	290	23	0	73	0	0	0	0	7	13	5	8	17	3	96	2594
1987	16	Rosental	129	430	242	279	23	0	73	0	0	0	0	8	13	6	17	21	19	98	2636
1988	16	Rosental	125	444	239	255	36	0	114	0	0	0	0	6	12	3	6	23	17	98	2643
1989	16	Rosental	132	457	261	264	39	0	164	0	0	0	0	6	21	3	9	21	24	101	2591
1990	16	Rosental	131	463	314	269	46	0	192	0	0	0	0	9	20	5	6	20	31	105	2532
1991	16	Rosental	122	475	407	258	54	0	281	0	0	0	0	7	12	7	10	17	45	112	2527
1992	16	Rosental	121	471	374	253	53	0	331	0	0	8	35	16	13	8	16	20	53	131	2461
1993	16	Rosental	123	449	408	244	58	12	298	0	16	9	51	6	16	5	14	19	53	124	2434
1994	16	Rosental	121	468	423	229	62	101	235	0	30	9	61	10	16	5	6	20	57	117	2360
1995	16	Rosental	108	472	416	216	68	146	228	0	37	5	73	16	14	6	19	19	44	139	2372
1996	16	Rosental	113	459	395	190	70	152	257	0	40	6	78	14	17	36	15	20	66	159	2313
1997	16	Rosental	116	428	417	176	58	167	255	0	42	6	88	10	15	29	9	22	64	148	2240
1998	16	Rosental	107	406	423	172	59	150	279	0	61	5	96	5	16	20	4	18	57	145	2157
1999	16	Rosental	114	380	430	161	56	163	332	0	79	5	102	9	15	8	5	18	67	142	2087
2000	16	Rosental	117	389	443	157	62	174	297	0	75	6	102	12	11	7	7	23	70	173	2157
2001	16	Rosental	120	368	447	158	68	208	287	0	72	6	103	15	13	9	2	24	70	180	2192
2002	16	Rosental	159	366	481	153	69	235	300	0	71	3	99	26	17	11	8	35	81	221	2171
2003	16	Rosental	159	330	464	137	76	232	311	0	54	3	104	25	16	22	7	32	84	262	2230
2004	16	Rosental	191	324	469	123	89	225	310	0	57	3	98	27	21	42	11	26	81	282	2221
2005	16	Rosental	215	301	478	102	100	225	307	0	50	2	94	25	20	78	11	32	83	286	2209
2006	16	Rosental	259	296	467	96	93	239	323	0	54	3	80	31	28	110	12	27	88	284	2232
2007	16	Rosental	299	294	428	89	94	218	297	13	46	7	83	26	33	124	12	29	80	331	2272
2008	16	Rosental	316	286	402	82	116	211	283	36	47	10	65	36	40	219	11	27	80	353	2263
2009	16	Rosental	365	272	377	78	122	220	229	65	42	15	62	43	38	263	34	18	74	384	2376
2010	16	Rosental	398	254	386	89	125	218	179	112	38	12	63	52	46	259	45	21	72	395	2378
2011	16	Rosental	424	245	373	96	117	197	140	144	39	17	59	54	41	329	43	22	67	423	2319
2012	16	Rosental	415	244	378	97	139	179	118	161	36	18	62	43	44	316	59	23	56	489	2392
2013	16	Rosental	403	261	402	109	151	182	89	164	30	23	59	65	37	313	51	21	52	538	2431
2014	16	Rosental	415	271	380	108	177	176	27	219	29	23	60	58	48	256	39	24	54	540	2433
2015	16	Rosental	530	320	381	154	208	178	0	249	30	23	60	76	68	255	59	24	58	718	2782
2016	16	Rosental	585	326	362	171	217	193	0	269	28	19	55	78	85	283	58	40	66	817	2900
2017	16	Rosental	574	322	349	161	219	207	0	275	38	16	51	68	79	314	54	47	59	850	2920
1980	17	Matthäus	356	2636	299	732	14	0	282	0	0	0	0	27	66	8	44	75	1	302	10576
1981	17	Matthäus	354	2538	404	744	19	0	358	0	0	0	0	29	71	12	40	65	1	357	10489
1982	17	Matthäus	373	2513	482	732	20	0	434	0	0	0	0	38	73	13	35	69	0	390	10395
1983	17	Matthäus	380	2493	578	740	22	0	468	0	0	0	0	47	78	11	49	70	3	383	10295
1984	17	Matthäus	375	2503	711	772	29	0	455	0	0	0	0	49	74	11	49	71	21	363	10196
1985	17	Matthäus	348	2428	911	768	29	0	502	0	0	0	0	58	73	9	64	69	36	344	10019
1986	17	Matthäus	365	2449	854	749	36	0	556	0	0	0	0	54	75	12	55	60	37	346	9960
1987	17	Matthäus	356	2348	995	745	47	0	641	0	0	0	0	52	72	31	64	61	21	371	9662
1988	17	Matthäus	372	2326	1170	757	53	0	694	0	0	0	0	57	76	23	66	65	29	392	9477
1989	17	Matthäus	397	2257	1286	788	76	0	782	0	0	0	0	52	76	23	57	66	45	420	9313
1990	17	Matthäus	400	2225	1423	768	100	0	996	0	0	0	0	53	77	16	45	62	61	457	9149
1991	17	Matthäus	436	2188	1539	794	125	0	1233	0	0	0	0	55	81	21	44	70	79	456	9040
1992	17	Matthäus	466	2117	1582	783	150	0	1353	0	0	10	107	60	81	20	46	68	92	510	8860
1993	17	Matthäus	465	2046	1601	760	205	69	1326	0	106	19	250	59	77	21	47	64	113	510	8748
1994	17	Matthäus	460	1961	1611	771	239	294	1217	0	149	23	298	60	78	22	41	60	106	478	8589
1995	17	Matthäus	459	1904	1592	750	246	340	1253	0	197	19	334	71	71	25	47	53	138	495	8380
1996	17	Matthäus	464	1808	1653	714	238	376	1326	0	238	18	343	91	69	39	59	58	164	504	8286
1997	17	Matthäus	458	1774	1613	688	249	431	1329	0	212	15	334	85	76	30	43	51	185	500	8113
1998	17	Matthäus	458	1669	1540	631	246	438	1417	0	207	9	317	85	87	19	34	58	225	541	7970
1999	17	Matthäus	463	1532	1475	565	210	452	1461	0	281	8	306	68	84	16	35	51	227	569	7752
2000	17	Matthäus	463	1395	1419	533	210	466	1277	0	309	7	290	75	80	15	32	40	226	597	7774
2001	17	Matthäus	518	1303	1350	489	200	444	1275	0	307	8	281	86	69	26	36	47	227	709	7719
2002	17	Matthäus	603	1261	1374	469	250	506	1300	0	320	8	277	101	69	24	45	52	228	794	7712
2003	17	Matthäus	698	1197	1337	437	259	498	1349	0	306	10	256	89	78	22	47	58	208	901	7779
2004	17	Matthäus	790	1149	1248	415	274	524	1304	7	287	6	238	107	87	38	56	65	206	1025	7834
2005	17	Matthäus	898	1060	1236	376	297	516	1281	12	267	8	210	115	97	58	56	64	192	1014	7836
2006	17	Matthäus	970	1013	1201	357	320	520	1243	0	247	11	183	122	94	81	57	68	181	1164	7734
2007	17	Matthäus	1094	973	1105	317	395	508	1143	15	210	17	190	118	109	110	60	70	151	1205	7849
2008	17	Matthäus	1223	942	1048	322	451	492	1017	68	190	16	155	140	122	214	68	79	152	1353	7948
2009	17	Matthäus	1280	881	990	309	476	475	796	196	174	12	162	147	134	272	81	95	155	1304	7802
2010	17	Matthäus	1335	881	966	296	498	483	589	367	167	10	168	128	116	296	91	88	141	1290	7805
2011	17	Matthäus	1398	915	950	299	508	475	511	438	154	10	158	153	116	417	90	80	141	1344	7780
2012	17	Matthäus	1391	880	900	317	505	458	454	470	139	12	139	146	111	446	108	86	147	1430	7823
2013	17	Matthäus	1415	894	882	389	587	475	354	516	137	19	137	132	127	406	108	92	136	1502	7909
2014	17	Matthäus	1422	915	841	440	619	460	95	730	123	19	135	137	137	387	110	98	132	1588	7864
2015	17	Matthäus	1387	903	812	431	606	444	0	806	114	20	122	131	154	385	96	98	132	1630	7901
2016	17	Matthäus	1382	884	794	396	595	435	0	759	104	36	122	129	163	317	95	97	127	1629	7866
2017	17	Matthäus	1408	900	775	381	595	414	0	731	104	38	115	130	168	281	88	96	125	1677	7845
1980	18	Klybeck	113	1334	136	328	3	0	88	0	0	0	0	5	39	4	4	60	0	60	4972
1981	18	Klybeck	115	1309	110	358	2	0	111	0	0	0	0	6	36	4	4	57	0	70	4907
1982	18	Klybeck	102	1289	128	358	2	0	129	0	0	0	0	8	34	4	6	51	0	85	4837
1983	18	Klybeck	112	1261	161	363	6	0	160	0	0	0	0	7	33	1	7	53	0	88	4893
1984	18	Klybeck	113	1227	199	386	10	0	172	0	0	0	0	7	34	0	6	48	0	95	4733
1985	18	Klybeck	132	1235	289	411	9	0	181	0	0	0	0	8	38	0	5	51	2	92	4751
1986	18	Klybeck	134	1207	267	456	10	0	221	0	0	0	0	7	31	0	3	46	6	93	4769
1987	18	Klybeck	137	1212	349	482	15	0	250	0	0	0	0	6	30	2	8	44	8	107	4632
1988	18	Klybeck	128	1234	450	502	22	0	260	0	0	0	0	9	28	1	8	40	12	116	4588
1989	18	Klybeck	138	1199	457	467	29	0	298	0	0	0	0	10	33	2	12	40	9	132	4475
1990	18	Klybeck	142	1208	465	472	49	0	346	0	0	0	0	9	34	3	9	41	31	154	4431
1991	18	Klybeck	148	1244	482	465	55	0	380	0	0	0	0	14	34	3	10	36	39	148	4356
1992	18	Klybeck	159	1237	475	457	76	0	440	0	0	1	16	14	33	3	5	34	37	159	4246
1993	18	Klybeck	154	1259	491	463	85	32	416	0	15	1	63	12	25	2	2	32	42	167	4239
1994	18	Klybeck	139	1251	529	444	111	125	348	0	21	1	80	13	21	0	8	34	43	173	4110
1995	18	Klybeck	135	1183	566	448	113	189	357	0	10	3	78	11	23	0	7	35	39	207	4021
1996	18	Klybeck	137	1155	550	433	112	191	351	0	12	1	73	10	24	3	7	33	41	206	3966
1997	18	Klybeck	138	1112	573	411	110	188	352	0	19	1	78	11	23	2	9	32	42	200	3889
1998	18	Klybeck	131	1052	564	391	123	212	398	0	25	1	97	9	21	4	9	30	49	206	3776
1999	18	Klybeck	131	1038	602	381	144	230	432	0	37	2	99	10	24	2	11	29	52	238	3622
2000	18	Klybeck	122	976	636	365	150	243	457	0	59	2	109	9	22	0	10	31	57	223	3603
2001	18	Klybeck	113	919	613	342	158	288	439	0	63	2	116	7	25	1	8	29	62	227	3597
2002	18	Klybeck	139	874	636	329	178	266	461	0	52	2	121	8	24	1	11	35	68	267	3546
2003	18	Klybeck	168	859	629	311	195	275	471	0	49	2	114	11	28	2	10	30	79	304	3508
2004	18	Klybeck	189	798	630	284	207	258	499	2	54	3	121	10	29	2	6	34	81	297	3507
2005	18	Klybeck	216	774	627	259	225	251	517	4	60	2	121	9	32	1	6	31	80	346	3463
2006	18	Klybeck	270	754	634	245	238	248	494	0	65	2	126	11	38	14	7	27	79	356	3520
2007	18	Klybeck	310	703	605	228	261	223	442	11	55	3	110	13	33	16	8	29	74	332	3581
2008	18	Klybeck	362	664	589	216	300	202	378	25	45	3	96	16	37	13	10	27	79	370	3700
2009	18	Klybeck	411	657	588	222	343	215	313	94	41	3	82	16	40	34	12	22	67	388	3689
2010	18	Klybeck	398	632	596	218	318	215	245	176	38	5	80	17	38	27	10	26	63	383	3664
2011	18	Klybeck	409	598	603	218	379	240	194	227	37	6	78	22	39	46	12	23	65	433	3625
2012	18	Klybeck	400	574	615	235	379	267	175	237	39	3	78	21	40	66	10	25	65	478	3561
2013	18	Klybeck	416	572	617	241	360	255	138	266	33	3	68	15	39	63	12	22	69	506	3599
2014	18	Klybeck	436	583	616	243	373	275	37	362	33	7	58	20	41	39	11	29	72	546	3567
2015	18	Klybeck	430	576	610	233	358	283	0	390	45	9	58	24	42	53	10	31	71	547	3511
2016	18	Klybeck	410	565	578	217	346	287	0	368	45	7	49	29	40	40	12	32	76	620	3481
2017	18	Klybeck	409	552	570	219	364	283	0	372	46	9	45	33	51	28	10	31	84	692	3457
1980	19	Kleinhüningen	67	216	35	31	5	0	22	0	0	0	0	0	19	1	1	16	0	61	2058
1981	19	Kleinhüningen	61	247	41	41	8	0	17	0	0	0	0	0	19	1	1	17	0	60	2068
1982	19	Kleinhüningen	66	261	26	45	11	0	22	0	0	0	0	0	19	1	0	26	0	63	2054
1983	19	Kleinhüningen	66	280	28	42	8	0	33	0	0	0	0	0	18	5	0	29	0	70	2081
1984	19	Kleinhüningen	79	308	37	46	5	0	42	0	0	0	0	0	18	5	0	33	0	72	2047
1985	19	Kleinhüningen	83	331	42	60	5	0	47	0	0	0	0	2	18	5	0	34	0	75	1971
1986	19	Kleinhüningen	90	348	52	60	3	0	43	0	0	0	0	0	16	5	0	30	0	60	1955
1987	19	Kleinhüningen	86	359	65	55	8	0	47	0	0	0	0	3	13	4	1	29	0	61	1866
1988	19	Kleinhüningen	87	365	61	50	6	0	58	0	0	0	0	5	12	4	0	33	0	64	1849
1989	19	Kleinhüningen	85	360	67	58	8	0	66	0	0	0	0	6	13	4	1	29	0	64	1781
1990	19	Kleinhüningen	83	361	85	57	12	0	70	0	0	0	0	6	14	4	2	29	0	70	1757
1991	19	Kleinhüningen	79	343	98	62	12	0	96	0	0	0	0	7	15	4	1	30	4	75	1760
1992	19	Kleinhüningen	75	338	102	58	14	0	113	0	0	0	15	9	12	4	0	31	7	74	1706
1993	19	Kleinhüningen	80	326	97	50	13	15	117	0	6	0	25	6	11	5	0	32	4	88	1703
1994	19	Kleinhüningen	80	322	119	51	16	42	92	0	10	1	22	6	11	5	0	30	0	85	1655
1995	19	Kleinhüningen	72	322	143	56	23	45	121	0	18	2	25	5	13	3	2	31	0	83	1570
1996	19	Kleinhüningen	69	319	148	52	22	56	134	0	8	3	30	5	9	3	1	30	4	77	1520
1997	19	Kleinhüningen	70	333	162	44	20	59	140	0	13	0	22	4	9	3	0	30	8	64	1525
1998	19	Kleinhüningen	68	319	141	44	20	67	143	0	7	1	21	2	9	3	0	26	10	67	1513
1999	19	Kleinhüningen	65	310	155	39	19	73	118	0	20	0	22	4	6	0	1	23	11	74	1458
2000	19	Kleinhüningen	63	302	159	39	22	80	113	0	22	0	21	2	9	0	1	26	14	70	1419
2001	19	Kleinhüningen	60	302	154	40	23	85	114	0	31	1	14	4	8	0	1	26	16	85	1399
2002	19	Kleinhüningen	74	304	184	47	24	104	98	0	41	1	20	6	9	3	0	29	18	114	1390
2003	19	Kleinhüningen	95	295	192	50	27	98	105	0	34	1	21	7	8	8	2	33	16	104	1408
2004	19	Kleinhüningen	87	266	210	39	24	99	94	1	36	1	18	9	13	11	6	36	20	105	1405
2005	19	Kleinhüningen	95	251	218	34	25	121	115	0	37	1	22	16	8	15	15	36	36	113	1402
2006	19	Kleinhüningen	108	244	233	31	32	122	113	0	32	1	25	15	10	13	13	35	29	124	1378
2007	19	Kleinhüningen	119	218	226	27	32	127	98	1	30	1	19	21	17	5	9	33	21	107	1431
2008	19	Kleinhüningen	125	212	204	30	28	129	73	11	29	1	21	25	21	5	10	29	19	117	1464
2009	19	Kleinhüningen	142	210	212	30	27	119	65	42	26	2	24	26	24	7	5	34	26	175	1443
2010	19	Kleinhüningen	141	212	206	27	26	121	53	55	27	2	25	12	9	4	4	35	21	168	1476
2011	19	Kleinhüningen	155	209	206	28	29	118	49	79	25	2	26	11	12	13	4	32	20	189	1492
2012	19	Kleinhüningen	195	196	188	30	33	124	42	93	25	4	27	15	13	28	6	27	20	244	1567
2013	19	Kleinhüningen	191	206	188	31	36	120	36	102	21	3	25	16	15	18	12	26	23	247	1562
2014	19	Kleinhüningen	177	198	195	29	42	118	13	128	21	3	23	25	13	19	13	25	23	249	1562
2015	19	Kleinhüningen	188	199	184	33	41	125	0	139	19	4	24	26	14	20	8	22	22	277	1555
2016	19	Kleinhüningen	192	196	179	36	42	118	0	127	20	5	19	22	14	18	10	24	25	310	1536
2017	19	Kleinhüningen	185	203	174	35	43	126	0	130	20	9	16	23	13	18	9	21	23	301	1495
1980	20	Riehen	859	387	35	79	11	0	86	0	0	0	0	45	94	11	46	78	1	333	18782
1981	20	Riehen	856	379	34	83	9	0	91	0	0	0	0	53	90	12	44	79	1	353	18797
1982	20	Riehen	824	360	35	89	9	0	87	0	0	0	0	60	84	13	45	71	1	345	18683
1983	20	Riehen	786	352	32	91	9	0	94	0	0	0	0	61	83	11	43	56	1	317	18624
1984	20	Riehen	779	335	30	97	6	0	95	0	0	0	0	61	79	7	46	57	5	275	18600
1985	20	Riehen	762	326	40	95	9	0	87	0	0	0	0	65	77	10	41	57	1	255	18688
1986	20	Riehen	748	321	42	105	10	0	102	0	0	0	0	71	70	12	40	59	4	252	18587
1987	20	Riehen	736	313	39	96	6	0	91	0	0	0	0	60	66	13	37	50	11	247	18465
1988	20	Riehen	709	319	45	92	10	0	102	0	0	0	0	59	64	14	48	54	11	251	18284
1989	20	Riehen	726	319	56	92	7	0	107	0	0	0	0	66	66	11	41	54	19	263	18274
1990	20	Riehen	729	336	62	85	6	0	136	0	0	0	0	74	62	12	51	59	21	259	18191
1991	20	Riehen	739	339	67	81	4	0	156	0	0	0	0	73	60	9	51	70	26	307	18088
1992	20	Riehen	732	338	128	68	12	0	174	0	0	0	21	78	59	14	59	57	32	275	18120
1993	20	Riehen	738	354	159	80	20	1	157	0	10	2	51	67	60	18	52	60	40	298	18074
1994	20	Riehen	783	360	183	86	21	16	138	0	9	1	55	74	61	21	62	69	38	293	18221
1995	20	Riehen	828	385	229	89	18	13	128	0	29	1	51	81	66	27	60	73	39	324	18353
1996	20	Riehen	832	383	218	90	22	24	149	0	30	3	47	85	67	24	59	75	35	355	18450
1997	20	Riehen	821	396	215	95	22	23	143	0	34	2	38	83	74	22	60	74	39	359	18341
1998	20	Riehen	851	392	213	91	19	28	181	0	22	2	41	81	62	26	65	80	37	356	18146
1999	20	Riehen	873	423	211	95	17	26	163	0	22	2	45	84	56	29	76	77	43	370	18029
2000	20	Riehen	933	432	202	101	16	34	135	0	22	3	45	106	53	27	71	79	44	386	17834
2001	20	Riehen	1009	451	203	105	17	35	140	0	34	3	55	128	61	25	91	81	44	448	17783
2002	20	Riehen	1120	425	170	91	16	40	130	0	40	7	49	133	74	27	97	85	43	503	17641
2003	20	Riehen	1191	440	160	99	18	38	135	0	26	7	51	163	77	21	93	85	46	539	17496
2004	20	Riehen	1299	452	182	99	20	33	120	2	21	9	47	166	81	32	86	78	42	540	17319
2005	20	Riehen	1379	460	167	99	19	31	117	0	18	9	50	162	80	40	83	83	40	525	17101
2006	20	Riehen	1506	463	182	95	23	36	125	0	22	5	46	185	80	37	60	94	45	536	16989
2007	20	Riehen	1652	445	171	97	22	32	134	1	20	4	46	188	88	26	64	95	46	566	16852
2008	20	Riehen	1774	457	175	96	20	36	120	9	16	6	48	179	85	15	60	101	36	585	16753
2009	20	Riehen	1853	458	186	101	18	33	98	30	16	5	51	179	74	13	69	109	35	629	16559
2010	20	Riehen	1994	475	188	107	21	34	78	53	20	4	55	201	66	18	83	113	38	737	16471
2011	20	Riehen	2062	480	198	116	30	35	76	70	20	4	64	212	68	25	105	119	37	750	16259
2012	20	Riehen	2095	478	199	134	36	40	58	78	23	9	70	236	72	21	114	122	37	779	16231
2013	20	Riehen	2210	492	204	140	54	42	59	81	26	8	67	239	84	25	120	120	39	824	16105
2014	20	Riehen	2248	516	224	160	63	52	18	132	30	12	68	251	88	36	120	118	34	871	15906
2015	20	Riehen	2259	525	239	161	72	60	0	158	26	11	68	250	82	32	116	123	33	908	15746
2016	20	Riehen	2325	530	261	166	61	69	0	178	24	12	62	268	86	33	124	125	28	1012	15637
2017	20	Riehen	2395	568	256	171	69	69	0	178	27	12	65	274	87	41	128	119	27	1082	15768
1980	30	Bettingen	197	3	0	8	0	0	0	0	0	0	0	0	3	0	2	2	0	18	944
1981	30	Bettingen	194	3	0	6	0	0	3	0	0	0	0	0	3	0	2	0	0	16	945
1982	30	Bettingen	194	4	1	2	0	0	0	0	0	0	0	0	4	0	1	1	0	8	923
1983	30	Bettingen	204	3	0	1	0	0	0	0	0	0	0	0	6	0	1	1	0	5	926
1984	30	Bettingen	199	2	0	1	0	0	0	0	0	0	0	0	6	0	1	2	0	6	910
1985	30	Bettingen	180	2	0	1	0	0	1	0	0	0	0	0	5	0	4	2	0	10	902
1986	30	Bettingen	190	2	0	3	1	0	1	0	0	0	0	1	5	0	1	2	0	6	936
1987	30	Bettingen	176	4	0	3	2	0	1	0	0	0	0	2	4	0	1	0	0	7	947
1988	30	Bettingen	168	6	0	4	2	0	1	0	0	0	0	2	4	0	2	1	0	4	919
1989	30	Bettingen	153	8	0	0	2	0	1	0	0	0	0	2	3	0	2	2	0	3	902
1990	30	Bettingen	142	9	0	0	2	0	1	0	0	0	0	1	3	0	1	3	0	5	925
1991	30	Bettingen	133	8	1	0	2	0	3	0	0	0	0	1	4	0	1	3	1	8	947
1992	30	Bettingen	146	6	0	0	2	0	2	0	0	0	2	2	5	0	1	3	1	10	936
1993	30	Bettingen	140	9	0	0	2	0	3	0	0	0	3	3	5	0	1	1	0	12	969
1994	30	Bettingen	128	9	0	0	2	0	2	0	0	0	2	3	4	0	0	1	0	12	999
1995	30	Bettingen	131	10	0	0	2	0	0	0	0	0	2	2	3	0	0	1	0	14	989
1996	30	Bettingen	120	10	0	0	2	0	0	0	0	0	1	3	3	0	1	1	3	17	989
1997	30	Bettingen	121	6	0	0	0	0	1	0	0	0	2	3	5	1	1	0	3	24	990
1998	30	Bettingen	127	5	0	1	0	0	1	0	0	0	1	4	5	0	3	0	0	38	995
1999	30	Bettingen	130	6	0	1	0	0	1	0	0	0	0	5	6	0	3	2	0	41	1003
2000	30	Bettingen	135	5	0	1	0	0	2	0	0	0	0	4	5	0	3	1	0	40	991
2001	30	Bettingen	142	5	0	2	0	0	1	0	0	0	0	7	4	0	6	1	0	42	951
2002	30	Bettingen	140	5	0	1	0	0	2	0	0	0	0	8	5	0	8	2	0	49	953
2003	30	Bettingen	143	5	0	2	0	0	1	0	1	0	0	7	4	0	9	4	0	53	974
2004	30	Bettingen	157	5	0	2	0	0	3	0	2	0	0	8	3	0	9	3	0	44	966
2005	30	Bettingen	173	4	0	3	0	0	3	0	2	0	0	7	4	0	5	3	0	46	946
2006	30	Bettingen	190	5	0	3	0	0	4	0	1	0	0	17	3	0	8	3	0	34	936
2007	30	Bettingen	197	5	0	5	0	0	4	0	1	0	0	13	3	0	8	3	0	28	912
2008	30	Bettingen	209	8	0	8	0	0	4	0	1	0	0	12	3	0	13	1	0	26	890
2009	30	Bettingen	230	5	1	6	0	0	3	0	1	0	0	15	5	0	18	2	0	30	879
2010	30	Bettingen	232	6	1	1	0	0	2	0	1	0	0	14	5	0	16	4	0	30	855
2011	30	Bettingen	210	10	0	1	0	0	2	0	1	0	0	17	6	0	16	3	0	37	879
2012	30	Bettingen	204	11	1	2	0	0	2	1	1	0	0	14	3	1	14	5	0	41	899
2013	30	Bettingen	205	12	1	6	0	0	2	1	1	0	0	19	2	1	6	5	0	35	894
2014	30	Bettingen	228	17	1	9	0	0	1	3	1	0	0	18	1	1	8	7	0	48	895
2015	30	Bettingen	196	15	1	9	2	0	0	3	1	0	0	14	1	1	9	3	0	48	901
2016	30	Bettingen	188	16	1	11	2	0	0	3	1	0	0	11	1	1	6	5	1	48	895
2017	30	Bettingen	169	18	1	6	2	0	0	3	2	0	0	11	2	4	6	6	1	57	903
1980	99	Kanton Basel-Stadt	5604	14642	1900	4591	246	0	2265	0	0	0	0	457	1299	118	470	1033	13	3587	170171
1981	99	Kanton Basel-Stadt	5514	14272	2129	4775	313	0	2456	0	0	0	0	515	1285	126	461	1011	8	3905	168212
1982	99	Kanton Basel-Stadt	5421	14027	2610	4884	334	0	2701	0	0	0	0	545	1254	143	418	977	19	4065	166522
1983	99	Kanton Basel-Stadt	5364	13746	3518	5060	378	0	2910	0	0	0	0	529	1250	137	478	926	41	3894	164981
1984	99	Kanton Basel-Stadt	5248	13479	4325	5195	392	0	3157	0	0	0	0	529	1259	161	467	903	142	3897	163535
1985	99	Kanton Basel-Stadt	5105	13332	5323	5322	434	0	3279	0	0	0	0	568	1256	170	459	881	296	3627	162061
1986	99	Kanton Basel-Stadt	5050	13206	4747	5394	515	0	3486	0	0	0	0	581	1222	172	466	888	305	3530	160383
1987	99	Kanton Basel-Stadt	4950	12951	5663	5326	572	0	3759	0	0	0	0	592	1178	208	491	864	328	3559	158074
1988	99	Kanton Basel-Stadt	4969	12805	5855	5362	633	0	4173	0	0	0	0	625	1121	207	477	863	328	3572	155762
1989	99	Kanton Basel-Stadt	4992	12648	5999	5381	706	0	4766	0	0	0	0	665	1120	207	472	867	452	3834	153927
1990	99	Kanton Basel-Stadt	5121	12620	6423	5464	823	0	5495	0	0	0	0	692	1156	237	498	888	582	4226	152474
1991	99	Kanton Basel-Stadt	5197	12577	6990	5362	946	0	6613	0	0	0	0	718	1126	259	509	890	775	4525	151500
1992	99	Kanton Basel-Stadt	5353	12445	7263	5258	1052	0	7046	0	3	101	591	762	1088	260	527	879	852	4804	150325
1993	99	Kanton Basel-Stadt	5397	12350	7646	5209	1177	280	6671	0	402	129	1257	773	1059	285	561	903	885	4985	149601
1994	99	Kanton Basel-Stadt	5459	12200	7896	5133	1308	1282	6037	0	614	135	1446	800	1051	302	532	883	911	4964	148051
1995	99	Kanton Basel-Stadt	5510	11975	8101	5048	1416	1644	6176	0	761	133	1519	775	1024	314	567	847	936	5094	146288
1996	99	Kanton Basel-Stadt	5614	11641	8239	4877	1472	1763	6244	0	775	130	1505	788	1034	389	584	835	987	5236	144534
1997	99	Kanton Basel-Stadt	5683	11343	8294	4644	1481	1873	6254	0	778	129	1489	819	1025	377	555	845	1069	5225	142385
1998	99	Kanton Basel-Stadt	5741	10928	8268	4425	1458	1920	6526	0	756	102	1495	862	1014	334	568	838	1133	5416	140408
1999	99	Kanton Basel-Stadt	5861	10650	8343	4211	1449	2014	6458	0	1197	100	1508	891	1044	335	582	832	1154	5652	137966
2000	99	Kanton Basel-Stadt	6155	10228	8250	4055	1484	2100	5897	0	1287	102	1516	910	1021	314	578	850	1176	5924	136304
2001	99	Kanton Basel-Stadt	6442	9905	8131	3914	1512	2188	5841	0	1310	101	1493	1059	1012	355	648	890	1217	6506	134912
2002	99	Kanton Basel-Stadt	7280	9620	8105	3838	1704	2272	5862	0	1326	97	1504	1178	1067	385	706	947	1225	7170	133799
2003	99	Kanton Basel-Stadt	8020	9307	7957	3692	1753	2327	5898	6	1287	100	1479	1240	1071	429	752	977	1219	7839	132726
2004	99	Kanton Basel-Stadt	8925	9113	7901	3473	1832	2341	5819	24	1268	96	1434	1285	1099	523	825	1021	1203	8237	132059
2005	99	Kanton Basel-Stadt	9962	8793	7776	3297	1994	2310	5708	45	1205	91	1365	1356	1143	625	812	1042	1176	8340	130423
2006	99	Kanton Basel-Stadt	10966	8541	7667	3140	2086	2334	5686	0	1145	87	1309	1508	1247	749	824	1054	1152	8847	129026
2007	99	Kanton Basel-Stadt	12172	8212	7274	2944	2248	2250	5190	107	985	100	1221	1576	1369	763	947	1050	1046	9219	129011
2008	99	Kanton Basel-Stadt	13291	8108	6995	2887	2439	2215	4602	376	895	108	1085	1662	1428	977	1034	1087	993	9864	129228
2009	99	Kanton Basel-Stadt	14189	8033	6829	2872	2543	2168	3778	1009	822	102	1054	1806	1470	1225	1133	1139	966	10539	128368
2010	99	Kanton Basel-Stadt	14419	7955	6768	2884	2566	2221	2846	1844	789	111	1026	1826	1439	1234	1207	1107	931	10959	128201
2011	99	Kanton Basel-Stadt	14885	7996	6723	2965	2767	2225	2413	2298	743	123	1014	1993	1482	1568	1294	1129	901	11576	127981
2012	99	Kanton Basel-Stadt	14963	7969	6651	3101	2963	2255	2162	2504	746	131	989	2062	1557	1733	1374	1151	873	12343	127932
2013	99	Kanton Basel-Stadt	15405	8120	6599	3370	3199	2254	1766	2789	735	153	978	2154	1649	1818	1443	1179	867	13074	127907
2014	99	Kanton Basel-Stadt	15620	8240	6529	3587	3346	2242	509	3992	709	172	985	2191	1797	1757	1484	1186	840	13593	127692
2015	99	Kanton Basel-Stadt	15756	8302	6392	3671	3343	2260	0	4419	689	203	948	2189	1980	1692	1466	1183	843	14251	127617
2016	99	Kanton Basel-Stadt	16066	8436	6312	3718	3390	2266	0	4368	661	206	929	2216	2094	1614	1481	1221	860	14970	127398
2017	99	Kanton Basel-Stadt	16189	8509	6293	3689	3449	2234	0	4321	651	225	905	2207	2152	1651	1522	1220	846	15547	127378
